Tube_Number,Sample_ID,Presowing_Weight,Postsowing_Weight,Weight_Imbibed,Radicle_Emergence,Disease _rating,Time,Experiment_Date,SoilCollectionDate,ExtractionDate,Extraction Weight,Qubit_ng_uL,Location_EC,State,County,Latitude,Longitude,Sample_Type,Crop_Last_Year,Crop_This_Year,Tillage,Notes,Weather,Precipitation,Air_Temperature,Relative_Humiidty,Soil_Temperature,UVA,UVB
1,BA11,NA,NA,NA,NA,NA,0,4/3/2024,4/3/2024,8/5/2024,0.0710,too low,Autoclaved_Potting_Soil,Control,NA,NA,NA,Bulk_Soil,Control,Control,Control,,,,,,,,
2,BA12,NA,NA,NA,NA,NA,0,4/3/2024,4/3/2024,8/5/2024,0.1120,too low,Autoclaved_Potting_Soil,Control,NA,NA,NA,Bulk_Soil,Control,Control,Control,,,,,,,,
3,BA13,NA,NA,NA,NA,NA,0,4/3/2024,4/3/2024,8/5/2024,0.0220,too low,Autoclaved_Potting_Soil,Control,NA,NA,NA,Bulk_Soil,Control,Control,Control,,,,,,,,
4,BA14,NA,NA,NA,NA,NA,0,4/3/2024,4/3/2024,8/5/2024,0.0880,too low,Autoclaved_Potting_Soil,Control,NA,NA,NA,Bulk_Soil,Control,Control,Control,,,,,,,,
5,BA15,NA,NA,NA,NA,NA,0,4/3/2024,4/3/2024,8/5/2024,0.1070,too low,Autoclaved_Potting_Soil,Control,NA,NA,NA,Bulk_Soil,Control,Control,Control,,,,,,,,
6,BA16,NA,NA,NA,NA,NA,0,4/3/2024,4/3/2024,8/5/2024,0.1260,too low,Autoclaved_Potting_Soil,Control,NA,NA,NA,Bulk_Soil,Control,Control,Control,,,,,,,,
7,BA21,NA,NA,NA,NA,NA,8,4/3/2024,4/3/2024,8/5/2024,0.1360,too low,Autoclaved_Potting_Soil,Control,NA,NA,NA,Bulk_Soil,Control,Control,Control,,,,,,,,
8,BA22,NA,NA,NA,NA,NA,8,4/3/2024,4/3/2024,8/5/2024,0.0940,too low,Autoclaved_Potting_Soil,Control,NA,NA,NA,Bulk_Soil,Control,Control,Control,,,,,,,,
9,BA23,NA,NA,NA,NA,NA,8,4/3/2024,4/3/2024,8/5/2024,0.1120,too low,Autoclaved_Potting_Soil,Control,NA,NA,NA,Bulk_Soil,Control,Control,Control,,,,,,,,
10,BA24,NA,NA,NA,NA,NA,8,4/3/2024,4/3/2024,8/5/2024,0.1220,too low,Autoclaved_Potting_Soil,Control,NA,NA,NA,Bulk_Soil,Control,Control,Control,,,,,,,,
11,BA25,NA,NA,NA,NA,NA,8,4/3/2024,4/3/2024,8/5/2024,0.1320,too low,Autoclaved_Potting_Soil,Control,NA,NA,NA,Bulk_Soil,Control,Control,Control,,,,,,,,
12,BA26,NA,NA,NA,NA,NA,8,4/3/2024,4/3/2024,8/5/2024,0.1470,too low,Autoclaved_Potting_Soil,Control,NA,NA,NA,Bulk_Soil,Control,Control,Control,,,,,,,,
13,BA31,NA,NA,NA,NA,NA,12,4/3/2024,4/3/2024,8/5/2024,0.1340,too low,Autoclaved_Potting_Soil,Control,NA,NA,NA,Bulk_Soil,Control,Control,Control,,,,,,,,
14,BA32,NA,NA,NA,NA,NA,12,4/3/2024,4/3/2024,8/5/2024,0.1140,too low,Autoclaved_Potting_Soil,Control,NA,NA,NA,Bulk_Soil,Control,Control,Control,,,,,,,,
15,BA33,NA,NA,NA,NA,NA,12,4/3/2024,4/3/2024,8/5/2024,0.1000,too low,Autoclaved_Potting_Soil,Control,NA,NA,NA,Bulk_Soil,Control,Control,Control,,,,,,,,
16,BA34,NA,NA,NA,NA,NA,12,4/3/2024,4/3/2024,8/5/2024,0.0980,too low,Autoclaved_Potting_Soil,Control,NA,NA,NA,Bulk_Soil,Control,Control,Control,,,,,,,,
17,BA35,NA,NA,NA,NA,NA,12,4/3/2024,4/3/2024,8/5/2024,0.1530,too low,Autoclaved_Potting_Soil,Control,NA,NA,NA,Bulk_Soil,Control,Control,Control,,,,,,,,
18,BA36,NA,NA,NA,NA,NA,12,4/3/2024,4/3/2024,8/5/2024,0.1460,too low,Autoclaved_Potting_Soil,Control,NA,NA,NA,Bulk_Soil,Control,Control,Control,,,,,,,,
19,BA41,NA,NA,NA,NA,NA,16,4/3/2024,4/3/2024,8/5/2024,0.1320,too low,Autoclaved_Potting_Soil,Control,NA,NA,NA,Bulk_Soil,Control,Control,Control,,,,,,,,
20,BA42,NA,NA,NA,NA,NA,16,4/3/2024,4/3/2024,8/5/2024,0.1130,too low,Autoclaved_Potting_Soil,Control,NA,NA,NA,Bulk_Soil,Control,Control,Control,,,,,,,,
21,BA43,NA,NA,NA,NA,NA,16,4/3/2024,4/3/2024,8/5/2024,0.1530,too low,Autoclaved_Potting_Soil,Control,NA,NA,NA,Bulk_Soil,Control,Control,Control,,,,,,,,
22,BA44,NA,NA,NA,NA,NA,16,4/3/2024,4/3/2024,8/5/2024,0.1350,too low,Autoclaved_Potting_Soil,Control,NA,NA,NA,Bulk_Soil,Control,Control,Control,,,,,,,,
23,BA45,NA,NA,NA,NA,NA,16,4/3/2024,4/3/2024,8/5/2024,0.1710,too low,Autoclaved_Potting_Soil,Control,NA,NA,NA,Bulk_Soil,Control,Control,Control,,,,,,,,
24,NC1,NA,NA,NA,NA,NA,NA,8/5/2024,NA,8/5/2024,NA,too low,NA,NA,NA,NA,NA,Extraction_Control,NA,NA,NA,,,,,,,,
25,BA46,NA,NA,NA,NA,NA,16,4/3/2024,4/3/2024,8/6/2024,0.1380,too low,Autoclaved_Potting_Soil,Control,NA,NA,NA,Bulk_Soil,Control,Control,Control,,,,,,,,
26,BW11,NA,NA,NA,NA,NA,0,5/1/2024,4/29/2024,8/6/2024,0.2120,6.5400,Wiregrass_EC,AL,Henry,31.3601954,-85.3218948,Bulk_Soil,Soybean,Corn,Conventional,,,,,,,,
27,BW12,NA,NA,NA,NA,NA,0,5/1/2024,4/29/2024,8/6/2024,0.2130,6.4200,Wiregrass_EC,AL,Henry,31.3601954,-85.3218948,Bulk_Soil,Soybean,Corn,Conventional,,,,,,,,
28,BW13,NA,NA,NA,NA,NA,0,5/1/2024,4/29/2024,8/6/2024,0.1590,3.3200,Wiregrass_EC,AL,Henry,31.3601954,-85.3218948,Bulk_Soil,Soybean,Corn,Conventional,,,,,,,,
29,BW14,NA,NA,NA,NA,NA,0,5/1/2024,4/29/2024,8/6/2024,0.1870,4.8400,Wiregrass_EC,AL,Henry,31.3601954,-85.3218948,Bulk_Soil,Soybean,Corn,Conventional,,,,,,,,
30,BW15,NA,NA,NA,NA,NA,0,5/1/2024,4/29/2024,8/6/2024,0.2200,7.3800,Wiregrass_EC,AL,Henry,31.3601954,-85.3218948,Bulk_Soil,Soybean,Corn,Conventional,,,,,,,,
31,BW16,NA,NA,NA,NA,NA,0,5/1/2024,4/29/2024,8/6/2024,0.2700,7.4800,Wiregrass_EC,AL,Henry,31.3601954,-85.3218948,Bulk_Soil,Soybean,Corn,Conventional,,,,,,,,
32,BW21,NA,NA,NA,NA,NA,8,5/1/2024,4/29/2024,8/6/2024,0.2160,5.0600,Wiregrass_EC,AL,Henry,31.3601954,-85.3218948,Bulk_Soil,Soybean,Corn,Conventional,,,,,,,,
33,BW22,NA,NA,NA,NA,NA,8,5/1/2024,4/29/2024,8/6/2024,0.2580,4.2800,Wiregrass_EC,AL,Henry,31.3601954,-85.3218948,Bulk_Soil,Soybean,Corn,Conventional,,,,,,,,
34,BW23,NA,NA,NA,NA,NA,8,5/1/2024,4/29/2024,8/6/2024,0.2100,4.0800,Wiregrass_EC,AL,Henry,31.3601954,-85.3218948,Bulk_Soil,Soybean,Corn,Conventional,,,,,,,,
35,BW24,NA,NA,NA,NA,NA,8,5/1/2024,4/29/2024,8/6/2024,0.2000,3.7400,Wiregrass_EC,AL,Henry,31.3601954,-85.3218948,Bulk_Soil,Soybean,Corn,Conventional,,,,,,,,
36,BW25,NA,NA,NA,NA,NA,8,5/1/2024,4/29/2024,8/6/2024,0.2520,4.7200,Wiregrass_EC,AL,Henry,31.3601954,-85.3218948,Bulk_Soil,Soybean,Corn,Conventional,,,,,,,,
37,BW26,NA,NA,NA,NA,NA,8,5/1/2024,4/29/2024,8/6/2024,0.2230,4.2200,Wiregrass_EC,AL,Henry,31.3601954,-85.3218948,Bulk_Soil,Soybean,Corn,Conventional,,,,,,,,
38,BW31,NA,NA,NA,NA,NA,12,5/1/2024,4/29/2024,8/6/2024,0.2990,5.4000,Wiregrass_EC,AL,Henry,31.3601954,-85.3218948,Bulk_Soil,Soybean,Corn,Conventional,,,,,,,,
39,BW32,NA,NA,NA,NA,NA,12,5/1/2024,4/29/2024,8/6/2024,0.2930,4.9800,Wiregrass_EC,AL,Henry,31.3601954,-85.3218948,Bulk_Soil,Soybean,Corn,Conventional,,,,,,,,
40,BW33,NA,NA,NA,NA,NA,12,5/1/2024,4/29/2024,8/6/2024,0.2040,5.2200,Wiregrass_EC,AL,Henry,31.3601954,-85.3218948,Bulk_Soil,Soybean,Corn,Conventional,,,,,,,,
41,BW34,NA,NA,NA,NA,NA,12,5/1/2024,4/29/2024,8/6/2024,0.2590,5.3200,Wiregrass_EC,AL,Henry,31.3601954,-85.3218948,Bulk_Soil,Soybean,Corn,Conventional,,,,,,,,
42,BW35,NA,NA,NA,NA,NA,12,5/1/2024,4/29/2024,8/6/2024,0.2120,3.6000,Wiregrass_EC,AL,Henry,31.3601954,-85.3218948,Bulk_Soil,Soybean,Corn,Conventional,,,,,,,,
43,BW36,NA,NA,NA,NA,NA,12,5/1/2024,4/29/2024,8/6/2024,0.2810,4.4400,Wiregrass_EC,AL,Henry,31.3601954,-85.3218948,Bulk_Soil,Soybean,Corn,Conventional,,,,,,,,
44,BW41,NA,NA,NA,NA,NA,16,5/1/2024,4/29/2024,8/6/2024,0.2610,6.1000,Wiregrass_EC,AL,Henry,31.3601954,-85.3218948,Bulk_Soil,Soybean,Corn,Conventional,,,,,,,,
45,BW42,NA,NA,NA,NA,NA,16,5/1/2024,4/29/2024,8/6/2024,0.2830,3.6000,Wiregrass_EC,AL,Henry,31.3601954,-85.3218948,Bulk_Soil,Soybean,Corn,Conventional,,,,,,,,
46,BW43,NA,NA,NA,NA,NA,16,5/1/2024,4/29/2024,8/6/2024,0.1850,3.4200,Wiregrass_EC,AL,Henry,31.3601954,-85.3218948,Bulk_Soil,Soybean,Corn,Conventional,,,,,,,,
47,BW44,NA,NA,NA,NA,NA,16,5/1/2024,4/29/2024,8/6/2024,0.2360,too low,Wiregrass_EC,AL,Henry,31.3601954,-85.3218948,Bulk_Soil,Soybean,Corn,Conventional,,,,,,,,
48,NC2,NA,NA,NA,NA,NA,NA,8/5/2024,NA,8/6/2024,NA,too low,NA,NA,NA,NA,NA,Extraction_Control,NA,NA,NA,,,,,,,,
49,BW45,NA,NA,NA,NA,NA,16,5/1/2024,4/29/2024,11/6/2024,0.2279,2.6600,Wiregrass_EC,AL,Henry,31.3601954,-85.3218948,Bulk_Soil,Soybean,Corn,Conventional,,,,,,,,
50,BW46,NA,NA,NA,NA,NA,16,5/1/2024,4/29/2024,11/6/2024,0.2972,3.0800,Wiregrass_EC,AL,Henry,31.3601954,-85.3218948,Bulk_Soil,Soybean,Corn,Conventional,,,,,,,,
51,BE11,NA,NA,NA,NA,NA,0,5/1/2024,4/29/2024,11/6/2024,0.2716,7.0200,EVSmith_EC,AL,Macon,32.42789,-85.89018,Bulk_Soil,Wheat,Soybean,Covercrop_NoTill,,,,,,,,
52,BE12,NA,NA,NA,NA,NA,0,5/1/2024,4/29/2024,11/6/2024,0.2217,4.1800,EVSmith_EC,AL,Macon,32.42789,-85.89018,Bulk_Soil,Wheat,Soybean,Covercrop_NoTill,,,,,,,,
53,BE13,NA,NA,NA,NA,NA,0,5/1/2024,4/29/2024,11/6/2024,0.1936,3.2000,EVSmith_EC,AL,Macon,32.42789,-85.89018,Bulk_Soil,Wheat,Soybean,Covercrop_NoTill,,,,,,,,
54,BE14,NA,NA,NA,NA,NA,0,5/1/2024,4/29/2024,11/6/2024,0.2445,5.1400,EVSmith_EC,AL,Macon,32.42789,-85.89018,Bulk_Soil,Wheat,Soybean,Covercrop_NoTill,,,,,,,,
55,BE15,NA,NA,NA,NA,NA,0,5/1/2024,4/29/2024,11/6/2024,0.1695,0.4220,EVSmith_EC,AL,Macon,32.42789,-85.89018,Bulk_Soil,Wheat,Soybean,Covercrop_NoTill,,,,,,,,
56,BE16,NA,NA,NA,NA,NA,0,5/1/2024,4/29/2024,11/6/2024,0.1991,1.2600,EVSmith_EC,AL,Macon,32.42789,-85.89018,Bulk_Soil,Wheat,Soybean,Covercrop_NoTill,,,,,,,,
57,BE21,NA,NA,NA,NA,NA,8,5/1/2024,4/29/2024,11/6/2024,0.2554,3.6200,EVSmith_EC,AL,Macon,32.42789,-85.89018,Bulk_Soil,Wheat,Soybean,Covercrop_NoTill,,,,,,,,
58,BE22,NA,NA,NA,NA,NA,8,5/1/2024,4/29/2024,11/6/2024,0.2452,4.2000,EVSmith_EC,AL,Macon,32.42789,-85.89018,Bulk_Soil,Wheat,Soybean,Covercrop_NoTill,,,,,,,,
59,BE23,NA,NA,NA,NA,NA,8,5/1/2024,4/29/2024,11/6/2024,0.2760,5.5800,EVSmith_EC,AL,Macon,32.42789,-85.89018,Bulk_Soil,Wheat,Soybean,Covercrop_NoTill,,,,,,,,
60,BE24,NA,NA,NA,NA,NA,8,5/1/2024,4/29/2024,11/6/2024,0.1668,3.2000,EVSmith_EC,AL,Macon,32.42789,-85.89018,Bulk_Soil,Wheat,Soybean,Covercrop_NoTill,,,,,,,,
61,BE25,NA,NA,NA,NA,NA,8,5/1/2024,4/29/2024,11/6/2024,0.2482,5.5200,EVSmith_EC,AL,Macon,32.42789,-85.89018,Bulk_Soil,Wheat,Soybean,Covercrop_NoTill,,,,,,,,
62,BE26,NA,NA,NA,NA,NA,8,5/1/2024,4/29/2024,11/6/2024,0.1860,2.9400,EVSmith_EC,AL,Macon,32.42789,-85.89018,Bulk_Soil,Wheat,Soybean,Covercrop_NoTill,,,,,,,,
63,BE31,NA,NA,NA,NA,NA,12,5/1/2024,4/29/2024,11/6/2024,0.2266,3.4000,EVSmith_EC,AL,Macon,32.42789,-85.89018,Bulk_Soil,Wheat,Soybean,Covercrop_NoTill,,,,,,,,
64,BE32,NA,NA,NA,NA,NA,12,5/1/2024,4/29/2024,11/6/2024,0.2572,5.4800,EVSmith_EC,AL,Macon,32.42789,-85.89018,Bulk_Soil,Wheat,Soybean,Covercrop_NoTill,,,,,,,,
65,BE33,NA,NA,NA,NA,NA,12,5/1/2024,4/29/2024,11/6/2024,0.2883,4.7200,EVSmith_EC,AL,Macon,32.42789,-85.89018,Bulk_Soil,Wheat,Soybean,Covercrop_NoTill,,,,,,,,
66,BE34,NA,NA,NA,NA,NA,12,5/1/2024,4/29/2024,11/6/2024,0.2756,4.5200,EVSmith_EC,AL,Macon,32.42789,-85.89018,Bulk_Soil,Wheat,Soybean,Covercrop_NoTill,,,,,,,,
67,BE35,NA,NA,NA,NA,NA,12,5/1/2024,4/29/2024,11/6/2024,0.1884,3.3000,EVSmith_EC,AL,Macon,32.42789,-85.89018,Bulk_Soil,Wheat,Soybean,Covercrop_NoTill,,,,,,,,
68,BE36,NA,NA,NA,NA,NA,12,5/1/2024,4/29/2024,11/6/2024,0.1829,2.2200,EVSmith_EC,AL,Macon,32.42789,-85.89018,Bulk_Soil,Wheat,Soybean,Covercrop_NoTill,,,,,,,,
69,BE41,NA,NA,NA,NA,NA,16,5/1/2024,4/29/2024,11/6/2024,0.1872,2.5600,EVSmith_EC,AL,Macon,32.42789,-85.89018,Bulk_Soil,Wheat,Soybean,Covercrop_NoTill,,,,,,,,
70,BE42,NA,NA,NA,NA,NA,16,5/1/2024,4/29/2024,11/6/2024,0.2301,3.6800,EVSmith_EC,AL,Macon,32.42789,-85.89018,Bulk_Soil,Wheat,Soybean,Covercrop_NoTill,,,,,,,,
71,BE43,NA,NA,NA,NA,NA,16,5/1/2024,4/29/2024,11/6/2024,0.1943,3.3400,EVSmith_EC,AL,Macon,32.42789,-85.89018,Bulk_Soil,Wheat,Soybean,Covercrop_NoTill,,,,,,,,
72,NC3,NA,NA,NA,NA,NA,NA,8/5/2024,NA,11/6/2024,NA,too low,NA,NA,NA,NA,NA,Extraction_Control,NA,NA,NA,,,,,,,,
73,BE44,NA,NA,NA,NA,NA,16,5/1/2024,4/29/2024,1/29/2025,0.2470,6.9600,EVSmith_EC,AL,Macon,32.42789,-85.89018,Bulk_Soil,Wheat,Soybean,Covercrop_NoTill,,,,,,,,
74,BE45,NA,NA,NA,NA,NA,16,5/1/2024,4/29/2024,1/29/2025,0.2200,7.1200,EVSmith_EC,AL,Macon,32.42789,-85.89018,Bulk_Soil,Wheat,Soybean,Covercrop_NoTill,,,,,,,,
75,BE46,NA,NA,NA,NA,NA,16,5/1/2024,4/29/2024,1/29/2025,0.3050,11.5000,EVSmith_EC,AL,Macon,32.42789,-85.89018,Bulk_Soil,Wheat,Soybean,Covercrop_NoTill,,,,,,,,
76,BT11,NA,NA,NA,NA,NA,0,5/30/2024,5/19/2024,1/29/2025,0.1840,3.8000,TVRec_EC,AL,Madison,34.6888243,-86.8862105,Bulk_Soil,Corn,Soybean,Conventional,,,,,,,,
77,BT12,NA,NA,NA,NA,NA,0,5/30/2024,5/19/2024,1/29/2025,0.2760,8.0000,TVRec_EC,AL,Madison,34.6888243,-86.8862105,Bulk_Soil,Corn,Soybean,Conventional,,,,,,,,
78,BT13,NA,NA,NA,NA,NA,0,5/30/2024,5/19/2024,1/29/2025,0.2950,7.8000,TVRec_EC,AL,Madison,34.6888243,-86.8862105,Bulk_Soil,Corn,Soybean,Conventional,,,,,,,,
79,BT14,NA,NA,NA,NA,NA,0,5/30/2024,5/19/2024,1/29/2025,0.3110,15.5000,TVRec_EC,AL,Madison,34.6888243,-86.8862105,Bulk_Soil,Corn,Soybean,Conventional,,,,,,,,
80,BT15,NA,NA,NA,NA,NA,0,5/30/2024,5/19/2024,1/29/2025,0.2190,11.7000,TVRec_EC,AL,Madison,34.6888243,-86.8862105,Bulk_Soil,Corn,Soybean,Conventional,,,,,,,,
81,BT16,NA,NA,NA,NA,NA,0,5/30/2024,5/19/2024,1/29/2025,0.1810,6.2600,TVRec_EC,AL,Madison,34.6888243,-86.8862105,Bulk_Soil,Corn,Soybean,Conventional,,,,,,,,
82,BT21,NA,NA,NA,NA,NA,8,5/30/2024,5/19/2024,1/29/2025,0.1950,5.9200,TVRec_EC,AL,Madison,34.6888243,-86.8862105,Bulk_Soil,Corn,Soybean,Conventional,,,,,,,,
83,BT22,NA,NA,NA,NA,NA,8,5/30/2024,5/19/2024,1/29/2025,0.3080,12.0000,TVRec_EC,AL,Madison,34.6888243,-86.8862105,Bulk_Soil,Corn,Soybean,Conventional,,,,,,,,
84,BT23,NA,NA,NA,NA,NA,8,5/30/2024,5/19/2024,1/29/2025,0.3030,10.3000,TVRec_EC,AL,Madison,34.6888243,-86.8862105,Bulk_Soil,Corn,Soybean,Conventional,,,,,,,,
85,BT24,NA,NA,NA,NA,NA,8,5/30/2024,5/19/2024,1/29/2025,0.1650,6.7400,TVRec_EC,AL,Madison,34.6888243,-86.8862105,Bulk_Soil,Corn,Soybean,Conventional,,,,,,,,
86,BT25,NA,NA,NA,NA,NA,8,5/30/2024,5/19/2024,1/29/2025,0.1590,4.8200,TVRec_EC,AL,Madison,34.6888243,-86.8862105,Bulk_Soil,Corn,Soybean,Conventional,,,,,,,,
87,BT26,NA,NA,NA,NA,NA,8,5/30/2024,5/19/2024,1/29/2025,0.2820,11.6000,TVRec_EC,AL,Madison,34.6888243,-86.8862105,Bulk_Soil,Corn,Soybean,Conventional,,,,,,,,
88,BT31,NA,NA,NA,NA,NA,12,5/30/2024,5/19/2024,1/29/2025,0.1650,8.8000,TVRec_EC,AL,Madison,34.6888243,-86.8862105,Bulk_Soil,Corn,Soybean,Conventional,,,,,,,,
89,BT32,NA,NA,NA,NA,NA,12,5/30/2024,5/19/2024,1/29/2025,0.1970,12.2000,TVRec_EC,AL,Madison,34.6888243,-86.8862105,Bulk_Soil,Corn,Soybean,Conventional,,,,,,,,
90,BT33,NA,NA,NA,NA,NA,12,5/30/2024,5/19/2024,1/29/2025,0.1960,12.3000,TVRec_EC,AL,Madison,34.6888243,-86.8862105,Bulk_Soil,Corn,Soybean,Conventional,,,,,,,,
91,BT34,NA,NA,NA,NA,NA,12,5/30/2024,5/19/2024,1/29/2025,0.3190,19.7000,TVRec_EC,AL,Madison,34.6888243,-86.8862105,Bulk_Soil,Corn,Soybean,Conventional,,,,,,,,
92,BT35,NA,NA,NA,NA,NA,12,5/30/2024,5/19/2024,1/29/2025,0.1540,7.4200,TVRec_EC,AL,Madison,34.6888243,-86.8862105,Bulk_Soil,Corn,Soybean,Conventional,,,,,,,,
93,BT36,NA,NA,NA,NA,NA,12,5/30/2024,5/19/2024,1/29/2025,0.1540,5.1400,TVRec_EC,AL,Madison,34.6888243,-86.8862105,Bulk_Soil,Corn,Soybean,Conventional,,,,,,,,
94,BT41,NA,NA,NA,NA,NA,16,5/30/2024,5/19/2024,1/29/2025,0.1970,10.2000,TVRec_EC,AL,Madison,34.6888243,-86.8862105,Bulk_Soil,Corn,Soybean,Conventional,,,,,,,,
95,BT42,NA,NA,NA,NA,NA,16,5/30/2024,5/19/2024,1/29/2025,0.2050,12.1000,TVRec_EC,AL,Madison,34.6888243,-86.8862105,Bulk_Soil,Corn,Soybean,Conventional,,,,,,,,
96,NC4,NA,NA,NA,NA,NA,NA,8/5/2024,NA,1/29/2025,NA,too low,NA,NA,NA,NA,NA,Extraction_Control,NA,NA,NA,,,,,,,,
97,BT43,NA,NA,NA,NA,NA,16,5/30/2024,5/19/2024,1/29/2025,0.1760,10.7000,TVRec_EC,AL,Madison,34.6888243,-86.8862105,Bulk_Soil,Corn,Soybean,Conventional,,,,,,,,
98,BT44,NA,NA,NA,NA,NA,16,5/30/2024,5/19/2024,1/29/2025,0.1490,7.8800,TVRec_EC,AL,Madison,34.6888243,-86.8862105,Bulk_Soil,Corn,Soybean,Conventional,,,,,,,,
99,BT45,NA,NA,NA,NA,NA,16,5/30/2024,5/19/2024,1/29/2025,0.1600,9.3200,TVRec_EC,AL,Madison,34.6888243,-86.8862105,Bulk_Soil,Corn,Soybean,Conventional,,,,,,,,
100,BT46,NA,NA,NA,NA,NA,16,5/30/2024,5/19/2024,1/29/2025,0.2490,14.9000,TVRec_EC,AL,Madison,34.6888243,-86.8862105,Bulk_Soil,Corn,Soybean,Conventional,,,,,,,,
101,BN11,NA,NA,NA,NA,NA,0,5/30/2024,5/19/2024,1/29/2025,0.3050,21.0000,N_Dakota,ND,Richland,46.47197,-96.9872,Bulk_Soil,Corn,Soybean,Conventional,,,,,,,,
102,BN12,NA,NA,NA,NA,NA,0,5/30/2024,5/19/2024,1/29/2025,0.2330,11.6000,N_Dakota,ND,Richland,46.47197,-96.9872,Bulk_Soil,Corn,Soybean,Conventional,,,,,,,,
103,BN13,NA,NA,NA,NA,NA,0,5/30/2024,5/19/2024,1/29/2025,0.1770,8.8600,N_Dakota,ND,Richland,46.47197,-96.9872,Bulk_Soil,Corn,Soybean,Conventional,,,,,,,,
104,BN14,NA,NA,NA,NA,NA,0,5/30/2024,5/19/2024,1/29/2025,0.2340,10.9000,N_Dakota,ND,Richland,46.47197,-96.9872,Bulk_Soil,Corn,Soybean,Conventional,,,,,,,,
105,BN15,NA,NA,NA,NA,NA,0,5/30/2024,5/19/2024,1/29/2025,0.2200,9.0000,N_Dakota,ND,Richland,46.47197,-96.9872,Bulk_Soil,Corn,Soybean,Conventional,,,,,,,,
106,BN16,NA,NA,NA,NA,NA,0,5/30/2024,5/19/2024,1/29/2025,0.2960,13.5000,N_Dakota,ND,Richland,46.47197,-96.9872,Bulk_Soil,Corn,Soybean,Conventional,,,,,,,,
107,BN21,NA,NA,NA,NA,NA,8,5/30/2024,5/19/2024,1/29/2025,0.2670,9.4400,N_Dakota,ND,Richland,46.47197,-96.9872,Bulk_Soil,Corn,Soybean,Conventional,,,,,,,,
108,BN22,NA,NA,NA,NA,NA,8,5/30/2024,5/19/2024,1/29/2025,0.2500,7.7600,N_Dakota,ND,Richland,46.47197,-96.9872,Bulk_Soil,Corn,Soybean,Conventional,,,,,,,,
109,BN23,NA,NA,NA,NA,NA,8,5/30/2024,5/19/2024,1/29/2025,0.2680,6.2600,N_Dakota,ND,Richland,46.47197,-96.9872,Bulk_Soil,Corn,Soybean,Conventional,,,,,,,,
110,BN24,NA,NA,NA,NA,NA,8,5/30/2024,5/19/2024,1/29/2025,0.2020,8.2400,N_Dakota,ND,Richland,46.47197,-96.9872,Bulk_Soil,Corn,Soybean,Conventional,,,,,,,,
111,BN25,NA,NA,NA,NA,NA,8,5/30/2024,5/19/2024,1/29/2025,0.3090,7.1400,N_Dakota,ND,Richland,46.47197,-96.9872,Bulk_Soil,Corn,Soybean,Conventional,,,,,,,,
112,BN26,NA,NA,NA,NA,NA,8,5/30/2024,5/19/2024,1/29/2025,0.2490,7.3600,N_Dakota,ND,Richland,46.47197,-96.9872,Bulk_Soil,Corn,Soybean,Conventional,,,,,,,,
113,BN31,NA,NA,NA,NA,NA,12,5/30/2024,5/19/2024,1/29/2025,0.2550,10.2000,N_Dakota,ND,Richland,46.47197,-96.9872,Bulk_Soil,Corn,Soybean,Conventional,,,,,,,,
114,BN32,NA,NA,NA,NA,NA,12,5/30/2024,5/19/2024,1/29/2025,0.2430,4.0800,N_Dakota,ND,Richland,46.47197,-96.9872,Bulk_Soil,Corn,Soybean,Conventional,,,,,,,,
115,BN33,NA,NA,NA,NA,NA,12,5/30/2024,5/19/2024,1/29/2025,0.2690,8.7200,N_Dakota,ND,Richland,46.47197,-96.9872,Bulk_Soil,Corn,Soybean,Conventional,,,,,,,,
116,BN34,NA,NA,NA,NA,NA,12,5/30/2024,5/19/2024,1/29/2025,0.1690,8.4200,N_Dakota,ND,Richland,46.47197,-96.9872,Bulk_Soil,Corn,Soybean,Conventional,,,,,,,,
117,BN35,NA,NA,NA,NA,NA,12,5/30/2024,5/19/2024,1/29/2025,0.2680,14.8000,N_Dakota,ND,Richland,46.47197,-96.9872,Bulk_Soil,Corn,Soybean,Conventional,,,,,,,,
118,BN36,NA,NA,NA,NA,NA,12,5/30/2024,5/19/2024,1/29/2025,0.2740,14.6000,N_Dakota,ND,Richland,46.47197,-96.9872,Bulk_Soil,Corn,Soybean,Conventional,,,,,,,,
119,BN41,NA,NA,NA,NA,NA,16,5/30/2024,5/19/2024,1/29/2025,0.1500,8.2600,N_Dakota,ND,Richland,46.47197,-96.9872,Bulk_Soil,Corn,Soybean,Conventional,,,,,,,,
120,NC5,NA,NA,NA,NA,NA,NA,8/5/2024,NA,1/29/2025,NA,too low,NA,NA,NA,NA,NA,Extraction_Control,NA,NA,NA,NC_for_97-126,,,,,,,
121,BN42,NA,NA,NA,NA,NA,16,5/30/2024,5/19/2024,1/29/2025,0.1480,4.5400,N_Dakota,ND,Richland,46.47197,-96.9872,Bulk_Soil,Corn,Soybean,Conventional,,,,,,,,
122,BN43,NA,NA,NA,NA,NA,16,5/30/2024,5/19/2024,1/29/2025,0.2190,6.3800,N_Dakota,ND,Richland,46.47197,-96.9872,Bulk_Soil,Corn,Soybean,Conventional,,,,,,,,
123,BN44,NA,NA,NA,NA,NA,16,5/30/2024,5/19/2024,1/29/2025,0.1310,11.9000,N_Dakota,ND,Richland,46.47197,-96.9872,Bulk_Soil,Corn,Soybean,Conventional,,,,,,,,
124,BN45,NA,NA,NA,NA,NA,16,5/30/2024,5/19/2024,1/29/2025,0.1910,6.3200,N_Dakota,ND,Richland,46.47197,-96.9872,Bulk_Soil,Corn,Soybean,Conventional,,,,,,,,
125,BN46,NA,NA,NA,NA,NA,16,5/30/2024,5/19/2024,1/29/2025,0.2110,9.9400,N_Dakota,ND,Richland,46.47197,-96.9872,Bulk_Soil,Corn,Soybean,Conventional,,,,,,,,
126,BM11,NA,NA,NA,NA,NA,0,5/24/2024,5/17/2024,1/29/2025,0.1600,18.3000,Michigan,MI,Ingham,42.693741,-84.486578,Bulk_Soil,Wheat,Soybean,Conventional,,,,,,,,
127,BM12,NA,NA,NA,NA,NA,0,5/24/2024,5/17/2024,1/30/2025,0.2160,19.8000,Michigan,MI,Ingham,42.693741,-84.486578,Bulk_Soil,Wheat,Soybean,Conventional,,,,,,,,
128,BM13,NA,NA,NA,NA,NA,0,5/24/2024,5/17/2024,1/30/2025,0.2100,18.6000,Michigan,MI,Ingham,42.693741,-84.486578,Bulk_Soil,Wheat,Soybean,Conventional,,,,,,,,
129,BM14,NA,NA,NA,NA,NA,0,5/24/2024,5/17/2024,1/30/2025,0.1720,15.6000,Michigan,MI,Ingham,42.693741,-84.486578,Bulk_Soil,Wheat,Soybean,Conventional,,,,,,,,
130,BM15,NA,NA,NA,NA,NA,0,5/24/2024,5/17/2024,1/30/2025,0.2100,21.0000,Michigan,MI,Ingham,42.693741,-84.486578,Bulk_Soil,Wheat,Soybean,Conventional,,,,,,,,
131,BM16,NA,NA,NA,NA,NA,0,5/24/2024,5/17/2024,1/30/2025,0.1370,8.1600,Michigan,MI,Ingham,42.693741,-84.486578,Bulk_Soil,Wheat,Soybean,Conventional,,,,,,,,
132,BM21,NA,NA,NA,NA,NA,8,5/24/2024,5/17/2024,1/30/2025,0.1930,17.9000,Michigan,MI,Ingham,42.693741,-84.486578,Bulk_Soil,Wheat,Soybean,Conventional,,,,,,,,
133,BM22,NA,NA,NA,NA,NA,8,5/24/2024,5/17/2024,1/30/2025,0.2800,19.8000,Michigan,MI,Ingham,42.693741,-84.486578,Bulk_Soil,Wheat,Soybean,Conventional,,,,,,,,
134,BM23,NA,NA,NA,NA,NA,8,5/24/2024,5/17/2024,1/30/2025,0.1920,14.9000,Michigan,MI,Ingham,42.693741,-84.486578,Bulk_Soil,Wheat,Soybean,Conventional,,,,,,,,
135,BM24,NA,NA,NA,NA,NA,8,5/24/2024,5/17/2024,1/30/2025,0.3030,9.6800,Michigan,MI,Ingham,42.693741,-84.486578,Bulk_Soil,Wheat,Soybean,Conventional,,,,,,,,
136,BM25,NA,NA,NA,NA,NA,8,5/24/2024,5/17/2024,1/30/2025,0.1660,20.4000,Michigan,MI,Ingham,42.693741,-84.486578,Bulk_Soil,Wheat,Soybean,Conventional,,,,,,,,
137,BM26,NA,NA,NA,NA,NA,8,5/24/2024,5/17/2024,1/30/2025,0.1800,16.4000,Michigan,MI,Ingham,42.693741,-84.486578,Bulk_Soil,Wheat,Soybean,Conventional,,,,,,,,
138,BM31,NA,NA,NA,NA,NA,12,5/24/2024,5/17/2024,1/30/2025,0.2460,10.5000,Michigan,MI,Ingham,42.693741,-84.486578,Bulk_Soil,Wheat,Soybean,Conventional,,,,,,,,
139,BM32,NA,NA,NA,NA,NA,12,5/24/2024,5/17/2024,1/30/2025,0.2020,8.8200,Michigan,MI,Ingham,42.693741,-84.486578,Bulk_Soil,Wheat,Soybean,Conventional,,,,,,,,
140,BM33,NA,NA,NA,NA,NA,12,5/24/2024,5/17/2024,1/30/2025,0.2490,12.9000,Michigan,MI,Ingham,42.693741,-84.486578,Bulk_Soil,Wheat,Soybean,Conventional,,,,,,,,
141,BM34,NA,NA,NA,NA,NA,12,5/24/2024,5/17/2024,1/30/2025,0.1650,9.3000,Michigan,MI,Ingham,42.693741,-84.486578,Bulk_Soil,Wheat,Soybean,Conventional,,,,,,,,
142,BM35,NA,NA,NA,NA,NA,12,5/24/2024,5/17/2024,1/30/2025,0.2250,14.2000,Michigan,MI,Ingham,42.693741,-84.486578,Bulk_Soil,Wheat,Soybean,Conventional,,,,,,,,
143,BM36,NA,NA,NA,NA,NA,12,5/24/2024,5/17/2024,1/30/2025,0.2090,22.6000,Michigan,MI,Ingham,42.693741,-84.486578,Bulk_Soil,Wheat,Soybean,Conventional,,,,,,,,
144,NC6,NA,NA,NA,NA,NA,NA,8/5/2024,NA,1/30/2025,NA,too low,NA,NA,NA,NA,NA,Extraction_Control,NA,NA,NA,,,,,,,,
145,BM41,NA,NA,NA,NA,NA,16,5/24/2024,5/17/2024,1/30/2025,0.1430,5.2000,Michigan,MI,Ingham,42.693741,-84.486578,Bulk_Soil,Wheat,Soybean,Conventional,,,,,,,,
146,BM42,NA,NA,NA,NA,NA,16,5/24/2024,5/17/2024,1/30/2025,0.2820,13.8000,Michigan,MI,Ingham,42.693741,-84.486578,Bulk_Soil,Wheat,Soybean,Conventional,,,,,,,,
147,BM43,NA,NA,NA,NA,NA,16,5/24/2024,5/17/2024,1/30/2025,0.1110,11.1000,Michigan,MI,Ingham,42.693741,-84.486578,Bulk_Soil,Wheat,Soybean,Conventional,,,,,,,,
148,BM44,NA,NA,NA,NA,NA,16,5/24/2024,5/17/2024,1/30/2025,0.3200,15.3000,Michigan,MI,Ingham,42.693741,-84.486578,Bulk_Soil,Wheat,Soybean,Conventional,,,,,,,,
149,BM45,NA,NA,NA,NA,NA,16,5/24/2024,5/17/2024,1/30/2025,0.3050,17.2000,Michigan,MI,Ingham,42.693741,-84.486578,Bulk_Soil,Wheat,Soybean,Conventional,,,,,,,,
150,BM46,NA,NA,NA,NA,NA,16,5/24/2024,5/17/2024,1/30/2025,0.2280,10.1000,Michigan,MI,Ingham,42.693741,-84.486578,Bulk_Soil,Wheat,Soybean,Conventional,,,,,,,,
151,PB11,NA,NA,NA,NA,NA,0,5/30/2024,5/23/2024,1/30/2025,0.1680,25.0000,Pennsylvania,PA,Centre,40.716083,-77.939139,Bulk_Soil,,,,,,,,,,,
152,PB12,NA,NA,NA,NA,NA,0,5/30/2024,5/23/2024,1/30/2025,0.1700,16.5000,Pennsylvania,PA,Centre,40.716083,-77.939139,Bulk_Soil,,,,,,,,,,,
153,PB13,NA,NA,NA,NA,NA,0,5/30/2024,5/23/2024,1/30/2025,0.1970,19.1000,Pennsylvania,PA,Centre,40.716083,-77.939139,Bulk_Soil,,,,,,,,,,,
154,PB14,NA,NA,NA,NA,NA,0,5/30/2024,5/23/2024,1/30/2025,0.2060,23.0000,Pennsylvania,PA,Centre,40.716083,-77.939139,Bulk_Soil,,,,,,,,,,,
155,PB15,NA,NA,NA,NA,NA,0,5/30/2024,5/23/2024,1/30/2025,0.1460,12.2000,Pennsylvania,PA,Centre,40.716083,-77.939139,Bulk_Soil,,,,,,,,,,,
156,PB16,NA,NA,NA,NA,NA,0,5/30/2024,5/23/2024,1/30/2025,0.1600,16.5000,Pennsylvania,PA,Centre,40.716083,-77.939139,Bulk_Soil,,,,,,,,,,,
157,PB21,NA,NA,NA,NA,NA,8,5/30/2024,5/23/2024,1/30/2025,0.1570,12.9000,Pennsylvania,PA,Centre,40.716083,-77.939139,Bulk_Soil,,,,,,,,,,,
158,PB22,NA,NA,NA,NA,NA,8,5/30/2024,5/23/2024,1/30/2025,0.2100,31.6000,Pennsylvania,PA,Centre,40.716083,-77.939139,Bulk_Soil,,,,,,,,,,,
159,PB23,NA,NA,NA,NA,NA,8,5/30/2024,5/23/2024,1/30/2025,0.2630,19.3000,Pennsylvania,PA,Centre,40.716083,-77.939139,Bulk_Soil,,,,,,,,,,,
160,PB24,NA,NA,NA,NA,NA,8,5/30/2024,5/23/2024,1/30/2025,0.1740,17.6000,Pennsylvania,PA,Centre,40.716083,-77.939139,Bulk_Soil,,,,,,,,,,,
161,PB25,NA,NA,NA,NA,NA,8,5/30/2024,5/23/2024,1/30/2025,0.1100,16.3000,Pennsylvania,PA,Centre,40.716083,-77.939139,Bulk_Soil,,,,,,,,,,,
162,PB26,NA,NA,NA,NA,NA,8,5/30/2024,5/23/2024,1/30/2025,0.2260,23.4000,Pennsylvania,PA,Centre,40.716083,-77.939139,Bulk_Soil,,,,,,,,,,,
163,PB31,NA,NA,NA,NA,NA,12,5/30/2024,5/23/2024,1/30/2025,0.1760,18.5000,Pennsylvania,PA,Centre,40.716083,-77.939139,Bulk_Soil,,,,,,,,,,,
164,PB32,NA,NA,NA,NA,NA,12,5/30/2024,5/23/2024,1/30/2025,0.2420,37.8000,Pennsylvania,PA,Centre,40.716083,-77.939139,Bulk_Soil,,,,,,,,,,,
165,PB33,NA,NA,NA,NA,NA,12,5/30/2024,5/23/2024,1/30/2025,0.1890,16.3000,Pennsylvania,PA,Centre,40.716083,-77.939139,Bulk_Soil,,,,,,,,,,,
166,PB34,NA,NA,NA,NA,NA,12,5/30/2024,5/23/2024,1/30/2025,0.1940,13.5000,Pennsylvania,PA,Centre,40.716083,-77.939139,Bulk_Soil,,,,,,,,,,,
167,PB35,NA,NA,NA,NA,NA,12,5/30/2024,5/23/2024,1/30/2025,0.1700,15.6000,Pennsylvania,PA,Centre,40.716083,-77.939139,Bulk_Soil,,,,,,,,,,,
168,NC7,NA,NA,NA,NA,NA,NA,8/5/2024,NA,1/30/2025,NA,too low,NA,NA,NA,NA,NA,Extraction_Control,NA,NA,NA,,,,,,,,
169,PB36,NA,NA,NA,NA,NA,12,5/30/2024,5/23/2024,1/30/2025,0.2760,16.1000,Pennsylvania,PA,Centre,40.716083,-77.939139,Bulk_Soil,,,,,,,,,,,
170,PB41,NA,NA,NA,NA,NA,16,5/30/2024,5/23/2024,1/30/2025,0.1760,17.8000,Pennsylvania,PA,Centre,40.716083,-77.939139,Bulk_Soil,,,,,,,,,,,
171,PB42,NA,NA,NA,NA,NA,16,5/30/2024,5/23/2024,1/30/2025,0.1890,25.2000,Pennsylvania,PA,Centre,40.716083,-77.939139,Bulk_Soil,,,,,,,,,,,
172,PB43,NA,NA,NA,NA,NA,16,5/30/2024,5/23/2024,1/30/2025,0.2340,30.0000,Pennsylvania,PA,Centre,40.716083,-77.939139,Bulk_Soil,,,,,,,,,,,
173,PB44,NA,NA,NA,NA,NA,16,5/30/2024,5/23/2024,1/30/2025,0.2700,24.4000,Pennsylvania,PA,Centre,40.716083,-77.939139,Bulk_Soil,,,,,,,,,,,
174,PB45,NA,NA,NA,NA,NA,16,5/30/2024,5/23/2024,1/30/2025,0.2500,35.2000,Pennsylvania,PA,Centre,40.716083,-77.939139,Bulk_Soil,,,,,,,,,,,
175,PB46,NA,NA,NA,NA,NA,16,5/30/2024,5/23/2024,1/30/2025,0.1610,19.7000,Pennsylvania,PA,Centre,40.716083,-77.939139,Bulk_Soil,,,,,,,,,,,
176,RB11,NA,NA,NA,NA,NA,0,7/19/2024,7/17/2024,1/30/2025,0.2240,24.4000,Arkansas,AR,Madison,33.804222,-91.271333,Bulk_Soil,,,,,,,,,,,
177,RB12,NA,NA,NA,NA,NA,0,7/19/2024,7/17/2024,1/30/2025,0.1800,8.4000,Arkansas,AR,Madison,33.804222,-91.271333,Bulk_Soil,,,,,,,,,,,
178,RB13,NA,NA,NA,NA,NA,0,7/19/2024,7/17/2024,1/30/2025,0.2070,7.8200,Arkansas,AR,Madison,33.804222,-91.271333,Bulk_Soil,,,,,,,,,,,
179,RB14,NA,NA,NA,NA,NA,0,7/19/2024,7/17/2024,1/30/2025,0.1490,10.1000,Arkansas,AR,Madison,33.804222,-91.271333,Bulk_Soil,,,,,,,,,,,
180,RB15,NA,NA,NA,NA,NA,0,7/19/2024,7/17/2024,1/30/2025,0.3200,18.0000,Arkansas,AR,Madison,33.804222,-91.271333,Bulk_Soil,,,,,,,,,,,
181,RB16,NA,NA,NA,NA,NA,0,7/19/2024,7/17/2024,1/31/2025,0.2050,13.9000,Arkansas,AR,Madison,33.804222,-91.271333,Bulk_Soil,,,,,,,,,,,
182,RB21,NA,NA,NA,NA,NA,8,7/19/2024,7/17/2024,1/31/2025,0.2390,13.3000,Arkansas,AR,Madison,33.804222,-91.271333,Bulk_Soil,,,,,,,,,,,
183,RB22,NA,NA,NA,NA,NA,8,7/19/2024,7/17/2024,1/31/2025,0.2560,13.3000,Arkansas,AR,Madison,33.804222,-91.271333,Bulk_Soil,,,,,,,,,,,
184,RB23,NA,NA,NA,NA,NA,8,7/19/2024,7/17/2024,1/31/2025,0.2320,19.6000,Arkansas,AR,Madison,33.804222,-91.271333,Bulk_Soil,,,,,,,,,,,
185,RB24,NA,NA,NA,NA,NA,8,7/19/2024,7/17/2024,1/31/2025,0.2460,17.5000,Arkansas,AR,Madison,33.804222,-91.271333,Bulk_Soil,,,,,,,,,,,
186,RB25,NA,NA,NA,NA,NA,8,7/19/2024,7/17/2024,1/31/2025,0.2870,13.7000,Arkansas,AR,Madison,33.804222,-91.271333,Bulk_Soil,,,,,,,,,,,
187,RB26,NA,NA,NA,NA,NA,8,7/19/2024,7/17/2024,1/31/2025,0.2990,10.9000,Arkansas,AR,Madison,33.804222,-91.271333,Bulk_Soil,,,,,,,,,,,
188,RB31,NA,NA,NA,NA,NA,12,7/19/2024,7/17/2024,1/31/2025,0.3200,14.4000,Arkansas,AR,Madison,33.804222,-91.271333,Bulk_Soil,,,,,,,,,,,
189,RB32,NA,NA,NA,NA,NA,12,7/19/2024,7/17/2024,1/31/2025,0.2930,10.3000,Arkansas,AR,Madison,33.804222,-91.271333,Bulk_Soil,,,,,,,,,,,
190,RB33,NA,NA,NA,NA,NA,12,7/19/2024,7/17/2024,1/31/2025,0.2800,12.0000,Arkansas,AR,Madison,33.804222,-91.271333,Bulk_Soil,,,,,,,,,,,
191,RB34,NA,NA,NA,NA,NA,12,7/19/2024,7/17/2024,1/31/2025,0.3160,13.4000,Arkansas,AR,Madison,33.804222,-91.271333,Bulk_Soil,,,,,,,,,,,
192,NC8,NA,NA,NA,NA,NA,NA,8/5/2024,NA,1/31/2025,NA,too low,NA,NA,NA,NA,NA,Extraction_Control,NA,NA,NA,,,,,,,,
193,RB35,NA,NA,NA,NA,NA,12,7/19/2024,7/17/2024,1/31/2025,0.1510,6.5400,Arkansas,AR,Madison,33.804222,-91.271333,Bulk_Soil,,,,,,,,,,,
194,RB36,NA,NA,NA,NA,NA,12,7/19/2024,7/17/2024,1/31/2025,0.1410,2.5200,Arkansas,AR,Madison,33.804222,-91.271333,Bulk_Soil,,,,,,,,,,,
195,RB41,NA,NA,NA,NA,NA,16,7/19/2024,7/17/2024,1/31/2025,0.2120,7.4400,Arkansas,AR,Madison,33.804222,-91.271333,Bulk_Soil,,,,,,,,,,,
196,RB42,NA,NA,NA,NA,NA,16,7/19/2024,7/17/2024,1/31/2025,0.1960,7.6200,Arkansas,AR,Madison,33.804222,-91.271333,Bulk_Soil,,,,,,,,,,,
197,RB43,NA,NA,NA,NA,NA,16,7/19/2024,7/17/2024,1/31/2025,0.3020,10.7000,Arkansas,AR,Madison,33.804222,-91.271333,Bulk_Soil,,,,,,,,,,,
198,RB44,NA,NA,NA,NA,NA,16,7/19/2024,7/17/2024,1/31/2025,0.2370,9.6800,Arkansas,AR,Madison,33.804222,-91.271333,Bulk_Soil,,,,,,,,,,,
199,RB45,NA,NA,NA,NA,NA,16,7/19/2024,7/17/2024,1/31/2025,0.1820,20.0000,Arkansas,AR,Madison,33.804222,-91.271333,Bulk_Soil,,,,,,,,,,,
200,RB46,NA,NA,NA,NA,NA,16,7/19/2024,7/17/2024,1/31/2025,0.1950,20.0000,Arkansas,AR,Madison,33.804222,-91.271333,Bulk_Soil,,,,,,,,,,,
201,A11,0.2157,0.2157,0,0,,0,4/3/2024,4/3/2024,1/31/2025,0.1210,too low,Autoclaved_Potting_Soil,Control,NA,NA,NA,Spermosphere,Control,Control,Control,,,,,,,,
202,A12,0.1736,0.1736,0,0,,0,4/3/2024,4/3/2024,1/31/2025,0.1400,too low,Autoclaved_Potting_Soil,Control,NA,NA,NA,Spermosphere,Control,Control,Control,,,,,,,,
203,A13,0.1892,0.1892,0,0,,0,4/3/2024,4/3/2024,1/31/2025,0.1930,too low,Autoclaved_Potting_Soil,Control,NA,NA,NA,Spermosphere,Control,Control,Control,,,,,,,,
204,A14,0.1702,0.1702,0,0,,0,4/3/2024,4/3/2024,1/31/2025,0.2190,too low,Autoclaved_Potting_Soil,Control,NA,NA,NA,Spermosphere,Control,Control,Control,,,,,,,,
205,A15,0.1936,0.1936,0,0,,0,4/3/2024,4/3/2024,1/31/2025,0.1100,too low,Autoclaved_Potting_Soil,Control,NA,NA,NA,Spermosphere,Control,Control,Control,,,,,,,,
206,A16,0.1709,0.1709,0,0,,0,4/3/2024,4/3/2024,1/31/2025,0.2990,too low,Autoclaved_Potting_Soil,Control,NA,NA,NA,Spermosphere,Control,Control,Control,,,,,,,,
207,A21,0.1954,0.3766,0.1812,0,,8,4/3/2024,4/3/2024,1/31/2025,0.2210,too low,Autoclaved_Potting_Soil,Control,NA,NA,NA,Spermosphere,Control,Control,Control,,,,,,,,
208,A22,0.1784,0.3629,0.1845,0,,8,4/3/2024,4/3/2024,1/31/2025,0.2980,too low,Autoclaved_Potting_Soil,Control,NA,NA,NA,Spermosphere,Control,Control,Control,,,,,,,,
209,A23,0.1561,0.3567,0.2006,0,,8,4/3/2024,4/3/2024,1/31/2025,0.2820,too low,Autoclaved_Potting_Soil,Control,NA,NA,NA,Spermosphere,Control,Control,Control,,,,,,,,
210,A24,0.1269,0.3547,0.2278,0,,8,4/3/2024,4/3/2024,1/31/2025,0.1260,0.3260,Autoclaved_Potting_Soil,Control,NA,NA,NA,Spermosphere,Control,Control,Control,,,,,,,,
211,A25,0.1586,0.265,0.1064,0,,8,4/3/2024,4/3/2024,1/31/2025,0.2180,too low,Autoclaved_Potting_Soil,Control,NA,NA,NA,Spermosphere,Control,Control,Control,,,,,,,,
212,A26,0.164,0.2853,0.1213,0,,8,4/3/2024,4/3/2024,1/31/2025,0.1490,too low,Autoclaved_Potting_Soil,Control,NA,NA,NA,Spermosphere,Control,Control,Control,,,,,,,,
213,A31,0.1662,0.305,0.1388,0,,12,4/3/2024,4/3/2024,1/31/2025,0.1720,0.3700,Autoclaved_Potting_Soil,Control,NA,NA,NA,Spermosphere,Control,Control,Control,,,,,,,,
214,A32,0.1801,0.3777,0.1976,0,,12,4/3/2024,4/3/2024,1/31/2025,0.1450,too low,Autoclaved_Potting_Soil,Control,NA,NA,NA,Spermosphere,Control,Control,Control,,,,,,,,
215,A33,0.1857,0.3699,0.1842,0,,12,4/3/2024,4/3/2024,1/31/2025,0.0336,0.1720,Autoclaved_Potting_Soil,Control,NA,NA,NA,Spermosphere,Control,Control,Control,,,,,,,,
216,NC9,NA,NA,NA,NA,NA,NA,8/5/2024,NA,1/31/2025,NA,too low,NA,NA,NA,NA,NA,Extraction_Control,NA,NA,NA,,,,,,,,
217,A34,0.1813,0.3711,0.1898,0,,12,4/3/2024,4/3/2024,1/31/2025,0.2080,too low,Autoclaved_Potting_Soil,Control,NA,NA,NA,Spermosphere,Control,Control,Control,,,,,,,,
218,A35,0.2202,0.5491,0.3289,0,,12,4/3/2024,4/3/2024,1/31/2025,0.1700,too low,Autoclaved_Potting_Soil,Control,NA,NA,NA,Spermosphere,Control,Control,Control,,,,,,,,
219,A36,0.1588,0.3968,0.238,0,,12,4/3/2024,4/3/2024,1/31/2025,0.2040,too low,Autoclaved_Potting_Soil,Control,NA,NA,NA,Spermosphere,Control,Control,Control,,,,,,,,
220,A41,0.1614,0.3355,0.1741,0,,16,4/3/2024,4/3/2024,1/31/2025,0.1080,too low,Autoclaved_Potting_Soil,Control,NA,NA,NA,Spermosphere,Control,Control,Control,,,,,,,,
221,A42,0.1891,0.3886,0.1995,0,,16,4/3/2024,4/3/2024,1/31/2025,0.0331,too low,Autoclaved_Potting_Soil,Control,NA,NA,NA,Spermosphere,Control,Control,Control,,,,,,,,
222,A43,0.1872,0.4091,0.2219,0,,16,4/3/2024,4/3/2024,1/31/2025,0.1380,too low,Autoclaved_Potting_Soil,Control,NA,NA,NA,Spermosphere,Control,Control,Control,,,,,,,,
223,A44,0.1925,0.4164,0.2239,0,,16,4/3/2024,4/3/2024,1/31/2025,0.1550,0.1820,Autoclaved_Potting_Soil,Control,NA,NA,NA,Spermosphere,Control,Control,Control,,,,,,,,
224,A45,0.1646,0.365,0.2004,0,,16,4/3/2024,4/3/2024,1/31/2025,0.1950,too low,Autoclaved_Potting_Soil,Control,NA,NA,NA,Spermosphere,Control,Control,Control,,,,,,,,
225,A46,0.1429,0.3249,0.182,0,,16,4/3/2024,4/3/2024,1/31/2025,0.2060,too low,Autoclaved_Potting_Soil,Control,NA,NA,NA,Spermosphere,Control,Control,Control,,,,,,,,
226,W11,0.1886,0.21,0.0214,0,,0,5/1/2024,4/29/2024,1/31/2025,0.2910,12.8000,Wiregrass_EC,AL,Henry,31.3601954,-85.3218948,Spermosphere,Soybean,Corn,Conventional,,,,,,,,
227,W12,0.1551,0.1937,0.0386,0,,0,5/1/2024,4/29/2024,1/31/2025,0.1610,7.9200,Wiregrass_EC,AL,Henry,31.3601954,-85.3218948,Spermosphere,Soybean,Corn,Conventional,,,,,,,,
228,W13,0.1662,0.1883,0.0221,0,,0,5/1/2024,4/29/2024,1/31/2025,0.2450,8.6000,Wiregrass_EC,AL,Henry,31.3601954,-85.3218948,Spermosphere,Soybean,Corn,Conventional,,,,,,,,
229,W14,0.1679,0.195,0.0271,0,,0,5/1/2024,4/29/2024,1/31/2025,0.1560,6.0200,Wiregrass_EC,AL,Henry,31.3601954,-85.3218948,Spermosphere,Soybean,Corn,Conventional,,,,,,,,
230,W15,0.1815,0.2119,0.0304,0,,0,5/1/2024,4/29/2024,1/31/2025,0.3180,12.5000,Wiregrass_EC,AL,Henry,31.3601954,-85.3218948,Spermosphere,Soybean,Corn,Conventional,,,,,,,,
231,W16,0.2138,0.2437,0.0299,0,,0,5/1/2024,4/29/2024,1/31/2025,0.3190,6.8600,Wiregrass_EC,AL,Henry,31.3601954,-85.3218948,Spermosphere,Soybean,Corn,Conventional,,,,,,,,
232,W21,0.1838,0.3168,0.133,0,,8,5/1/2024,4/29/2024,1/31/2025,0.2660,5.9800,Wiregrass_EC,AL,Henry,31.3601954,-85.3218948,Spermosphere,Soybean,Corn,Conventional,,,,,,,,
233,W22,0.2041,0.3762,0.1721,0,,8,5/1/2024,4/29/2024,1/31/2025,0.1610,4.9400,Wiregrass_EC,AL,Henry,31.3601954,-85.3218948,Spermosphere,Soybean,Corn,Conventional,,,,,,,,
234,W23,0.2003,0.353,0.1527,0,,8,5/1/2024,4/29/2024,1/31/2025,0.1910,5.0800,Wiregrass_EC,AL,Henry,31.3601954,-85.3218948,Spermosphere,Soybean,Corn,Conventional,,,,,,,,
235,W24,0.1866,0.3294,0.1428,0,,8,5/1/2024,4/29/2024,1/31/2025,0.1560,4.0600,Wiregrass_EC,AL,Henry,31.3601954,-85.3218948,Spermosphere,Soybean,Corn,Conventional,,,,,,,,
236,W25,0.2116,0.3504,0.1388,0,,8,5/1/2024,4/29/2024,1/31/2025,0.3140,7.3400,Wiregrass_EC,AL,Henry,31.3601954,-85.3218948,Spermosphere,Soybean,Corn,Conventional,,,,,,,,
237,W26,0.1687,0.314,0.1453,0,,8,5/1/2024,4/29/2024,1/31/2025,0.2720,6.3600,Wiregrass_EC,AL,Henry,31.3601954,-85.3218948,Spermosphere,Soybean,Corn,Conventional,,,,,,,,
238,W31,0.1661,0.3507,0.1846,0,,12,5/1/2024,4/29/2024,1/31/2025,0.1780,3.5000,Wiregrass_EC,AL,Henry,31.3601954,-85.3218948,Spermosphere,Soybean,Corn,Conventional,,,,,,,,
239,W32,0.1838,0.3948,0.211,0,,12,5/1/2024,4/29/2024,1/31/2025,0.1470,15.4000,Wiregrass_EC,AL,Henry,31.3601954,-85.3218948,Spermosphere,Soybean,Corn,Conventional,,,,,,,,
240,NC10,NA,NA,NA,NA,NA,NA,8/5/2024,NA,1/31/2025,NA,too low,NA,NA,NA,NA,NA,Extraction_Control,NA,NA,NA,,,,,,,,
241,W33,0.1602,0.3499,0.1897,0,,12,5/1/2024,4/29/2024,2/12/2025,0.2450,4.4000,Wiregrass_EC,AL,Henry,31.3601954,-85.3218948,Spermosphere,Soybean,Corn,Conventional,,,,,,,,
242,W34,0.199,0.4135,0.2145,0,,12,5/1/2024,4/29/2024,2/12/2025,0.2730,6.7800,Wiregrass_EC,AL,Henry,31.3601954,-85.3218948,Spermosphere,Soybean,Corn,Conventional,,,,,,,,
243,W35,0.1499,0.3182,0.1683,0,,12,5/1/2024,4/29/2024,2/12/2025,0.2830,9.2800,Wiregrass_EC,AL,Henry,31.3601954,-85.3218948,Spermosphere,Soybean,Corn,Conventional,,,,,,,,
244,W36,0.1735,0.3508,0.1773,0,,12,5/1/2024,4/29/2024,2/12/2025,0.2120,7.8200,Wiregrass_EC,AL,Henry,31.3601954,-85.3218948,Spermosphere,Soybean,Corn,Conventional,,,,,,,,
245,W41,0.1568,0.3566,0.1998,0,,16,5/1/2024,4/29/2024,2/12/2025,0.2940,6.1400,Wiregrass_EC,AL,Henry,31.3601954,-85.3218948,Spermosphere,Soybean,Corn,Conventional,,,,,,,,
246,W42,0.1905,0.3858,0.1953,0,,16,5/1/2024,4/29/2024,2/12/2025,0.2660,7.1400,Wiregrass_EC,AL,Henry,31.3601954,-85.3218948,Spermosphere,Soybean,Corn,Conventional,,,,,,,,
247,W43,0.1763,0.3861,0.2098,1,,16,5/1/2024,4/29/2024,2/12/2025,0.1800,5.5000,Wiregrass_EC,AL,Henry,31.3601954,-85.3218948,Spermosphere,Soybean,Corn,Conventional,,,,,,,,
248,W44,0.1775,0.4023,0.2248,0,,16,5/1/2024,4/29/2024,2/12/2025,0.2170,5.8200,Wiregrass_EC,AL,Henry,31.3601954,-85.3218948,Spermosphere,Soybean,Corn,Conventional,,,,,,,,
249,W45,0.1683,0.3424,0.1741,1,,16,5/1/2024,4/29/2024,2/12/2025,0.2960,9.4200,Wiregrass_EC,AL,Henry,31.3601954,-85.3218948,Spermosphere,Soybean,Corn,Conventional,,,,,,,,
250,W46,0.1816,0.4049,0.2233,0,,16,5/1/2024,4/29/2024,2/12/2025,0.2840,11.7000,Wiregrass_EC,AL,Henry,31.3601954,-85.3218948,Spermosphere,Soybean,Corn,Conventional,,,,,,,,
251,E11,0.1551,0.1855,0.0304,0,,0,5/1/2024,4/29/2024,2/12/2025,0.2230,13.7000,EVSmith_EC,AL,Macon,32.42789,-85.89018,Spermosphere,Wheat,Soybean,Covercrop_NoTill,,,,,,,,
252,E12,0.1708,0.204,0.0332,0,,0,5/1/2024,4/29/2024,2/12/2025,0.1800,10.5000,EVSmith_EC,AL,Macon,32.42789,-85.89018,Spermosphere,Wheat,Soybean,Covercrop_NoTill,,,,,,,,
253,E13,0.1456,0.172,0.0264,0,,0,5/1/2024,4/29/2024,2/12/2025,0.2620,19.0000,EVSmith_EC,AL,Macon,32.42789,-85.89018,Spermosphere,Wheat,Soybean,Covercrop_NoTill,,,,,,,,
254,E14,0.2307,0.2781,0.0474,0,,0,5/1/2024,4/29/2024,2/12/2025,0.2980,19.9000,EVSmith_EC,AL,Macon,32.42789,-85.89018,Spermosphere,Wheat,Soybean,Covercrop_NoTill,,,,,,,,
255,E15,0.2119,0.2509,0.039,0,,0,5/1/2024,4/29/2024,2/12/2025,0.1670,10.8000,EVSmith_EC,AL,Macon,32.42789,-85.89018,Spermosphere,Wheat,Soybean,Covercrop_NoTill,,,,,,,,
256,E16,0.1753,0.2123,0.037,0,,0,5/1/2024,4/29/2024,2/12/2025,0.1710,8.3600,EVSmith_EC,AL,Macon,32.42789,-85.89018,Spermosphere,Wheat,Soybean,Covercrop_NoTill,,,,,,,,
257,E21,0.1736,0.3572,0.1836,0,,8,5/1/2024,4/29/2024,2/12/2025,0.1720,12.0000,EVSmith_EC,AL,Macon,32.42789,-85.89018,Spermosphere,Wheat,Soybean,Covercrop_NoTill,,,,,,,,
258,E22,0.1768,0.3554,0.1786,0,,8,5/1/2024,4/29/2024,2/12/2025,0.2960,16.2000,EVSmith_EC,AL,Macon,32.42789,-85.89018,Spermosphere,Wheat,Soybean,Covercrop_NoTill,,,,,,,,
259,E23,0.2099,0.408,0.1981,0,,8,5/1/2024,4/29/2024,2/12/2025,0.3050,11.7000,EVSmith_EC,AL,Macon,32.42789,-85.89018,Spermosphere,Wheat,Soybean,Covercrop_NoTill,,,,,,,,
260,E24,0.1831,0.3505,0.1674,0,,8,5/1/2024,4/29/2024,2/12/2025,0.1550,8.4000,EVSmith_EC,AL,Macon,32.42789,-85.89018,Spermosphere,Wheat,Soybean,Covercrop_NoTill,,,,,,,,
261,E25,0.2068,0.3748,0.168,0,,8,5/1/2024,4/29/2024,2/12/2025,0.2660,15.0000,EVSmith_EC,AL,Macon,32.42789,-85.89018,Spermosphere,Wheat,Soybean,Covercrop_NoTill,,,,,,,,
262,E26,0.1361,0.2767,0.1406,0,,8,5/1/2024,4/29/2024,2/12/2025,0.2190,15.3000,EVSmith_EC,AL,Macon,32.42789,-85.89018,Spermosphere,Wheat,Soybean,Covercrop_NoTill,,,,,,,,
263,E31,0.1935,0.4212,0.2277,0,,12,5/1/2024,4/29/2024,2/12/2025,0.2260,12.0000,EVSmith_EC,AL,Macon,32.42789,-85.89018,Spermosphere,Wheat,Soybean,Covercrop_NoTill,,,,,,,,
264,NC11,NA,NA,NA,NA,NA,NA,8/5/2024,NA,2/12/2025,NA,NA,NA,NA,NA,NA,NA,Extraction_Control,NA,NA,NA,,,,,,,,
265,E32,0.163,0.3642,0.2012,0,,12,5/1/2024,4/29/2024,2/12/2025,0.2470,14.1000,EVSmith_EC,AL,Macon,32.42789,-85.89018,Spermosphere,Wheat,Soybean,Covercrop_NoTill,,,,,,,,
266,E33,0.1766,0.3855,0.2089,0,,12,5/1/2024,4/29/2024,2/12/2025,0.2430,16.0000,EVSmith_EC,AL,Macon,32.42789,-85.89018,Spermosphere,Wheat,Soybean,Covercrop_NoTill,,,,,,,,
267,E34,0.1557,0.3415,0.1858,0,,12,5/1/2024,4/29/2024,2/12/2025,0.2280,11.5000,EVSmith_EC,AL,Macon,32.42789,-85.89018,Spermosphere,Wheat,Soybean,Covercrop_NoTill,,,,,,,,
268,E35,0.1518,0.3208,0.169,0,,12,5/1/2024,4/29/2024,2/12/2025,0.2020,8.7200,EVSmith_EC,AL,Macon,32.42789,-85.89018,Spermosphere,Wheat,Soybean,Covercrop_NoTill,,,,,,,,
269,E36,0.1663,0.3673,0.201,0,,12,5/1/2024,4/29/2024,2/12/2025,0.2880,20.6000,EVSmith_EC,AL,Macon,32.42789,-85.89018,Spermosphere,Wheat,Soybean,Covercrop_NoTill,,,,,,,,
270,E41,0.181,0.4289,0.2479,0,,16,5/1/2024,4/29/2024,2/12/2025,0.2050,20.4000,EVSmith_EC,AL,Macon,32.42789,-85.89018,Spermosphere,Wheat,Soybean,Covercrop_NoTill,,,,,,,,
271,E42,0.1713,0.3929,0.2216,1,,16,5/1/2024,4/29/2024,2/14/2025,0.3030,17.6000,EVSmith_EC,AL,Macon,32.42789,-85.89018,Spermosphere,Wheat,Soybean,Covercrop_NoTill,,,,,,,,
272,E43,0.2035,0.4584,0.2549,1,,16,5/1/2024,4/29/2024,2/14/2025,0.2510,14.6000,EVSmith_EC,AL,Macon,32.42789,-85.89018,Spermosphere,Wheat,Soybean,Covercrop_NoTill,,,,,,,,
273,E44,0.1823,0.4087,0.2264,1,,16,5/1/2024,4/29/2024,2/14/2025,0.3030,17.5000,EVSmith_EC,AL,Macon,32.42789,-85.89018,Spermosphere,Wheat,Soybean,Covercrop_NoTill,,,,,,,,
274,E45,0.198,0.4056,0.2076,1,,16,5/1/2024,4/29/2024,2/14/2025,0.2510,16.7000,EVSmith_EC,AL,Macon,32.42789,-85.89018,Spermosphere,Wheat,Soybean,Covercrop_NoTill,,,,,,,,
275,E46,0.1576,0.3738,0.2162,0,,16,5/1/2024,4/29/2024,2/14/2025,0.2800,19.0000,EVSmith_EC,AL,Macon,32.42789,-85.89018,Spermosphere,Wheat,Soybean,Covercrop_NoTill,,,,,,,,
276,T11,0.2156,0.2156,0,0,,0,5/30/2024,5/24/2024,2/14/2025,0.2300,7.0200,TVRec_EC,AL,Madison,34.6888243,-86.8862105,Spermosphere,Corn,Soybean,Conventional,,,,,,,,
277,T12,0.1839,0.1839,0,0,,0,5/30/2024,5/24/2024,2/14/2025,0.2700,8.5000,TVRec_EC,AL,Madison,34.6888243,-86.8862105,Spermosphere,Corn,Soybean,Conventional,,,,,,,,
278,T13,0.1737,0.1737,0,0,,0,5/30/2024,5/24/2024,2/14/2025,0.2180,10.9000,TVRec_EC,AL,Madison,34.6888243,-86.8862105,Spermosphere,Corn,Soybean,Conventional,,,,,,,,
279,T14,0.1954,0.1954,0,0,,0,5/30/2024,5/24/2024,2/14/2025,0.2210,7.9000,TVRec_EC,AL,Madison,34.6888243,-86.8862105,Spermosphere,Corn,Soybean,Conventional,,,,,,,,
280,T15,0.177,0.177,0,0,,0,5/30/2024,5/24/2024,2/14/2025,0.1770,9.1200,TVRec_EC,AL,Madison,34.6888243,-86.8862105,Spermosphere,Corn,Soybean,Conventional,,,,,,,,
281,T16,0.1579,0.1579,0,0,,0,5/30/2024,5/24/2024,2/14/2025,0.2870,10.4000,TVRec_EC,AL,Madison,34.6888243,-86.8862105,Spermosphere,Corn,Soybean,Conventional,,,,,,,,
282,T21,0.1607,0.2785,0.1178,0,,8,5/30/2024,5/24/2024,2/14/2025,0.2180,10.6000,TVRec_EC,AL,Madison,34.6888243,-86.8862105,Spermosphere,Corn,Soybean,Conventional,,,,,,,,
283,T22,0.2052,0.4303,0.2251,0,,8,5/30/2024,5/24/2024,2/14/2025,0.2080,4.2600,TVRec_EC,AL,Madison,34.6888243,-86.8862105,Spermosphere,Corn,Soybean,Conventional,,,,,,,,
284,T23,0.2102,0.4109,0.2007,0,,8,5/30/2024,5/24/2024,2/14/2025,0.2390,9.0800,TVRec_EC,AL,Madison,34.6888243,-86.8862105,Spermosphere,Corn,Soybean,Conventional,,,,,,,,
285,T24,0.1788,0.3729,0.1941,0,,8,5/30/2024,5/24/2024,2/14/2025,0.2060,6.2000,TVRec_EC,AL,Madison,34.6888243,-86.8862105,Spermosphere,Corn,Soybean,Conventional,,,,,,,,
286,T25,0.182,0.3805,0.1985,0,,8,5/30/2024,5/24/2024,2/14/2025,0.1650,9.1200,TVRec_EC,AL,Madison,34.6888243,-86.8862105,Spermosphere,Corn,Soybean,Conventional,,,,,,,,
287,T26,0.2073,0.4774,0.2701,0,,8,5/30/2024,5/24/2024,2/14/2025,0.2650,9.0800,TVRec_EC,AL,Madison,34.6888243,-86.8862105,Spermosphere,Corn,Soybean,Conventional,,,,,,,,
288,NC12,NA,NA,NA,NA,NA,NA,8/5/2024,NA,2/14/2025,NA,NA,NA,NA,NA,NA,NA,Extraction_Control,NA,NA,NA,,,,,,,,
289,T31,0.165,0.2558,0.0908,0,,12,5/30/2024,5/24/2024,2/14/2025,0.1630,5.6800,TVRec_EC,AL,Madison,34.6888243,-86.8862105,Spermosphere,Corn,Soybean,Conventional,,,,,,,,
290,T32,0.1922,0.3364,0.1442,0,,12,5/30/2024,5/24/2024,2/14/2025,0.1600,9.4400,TVRec_EC,AL,Madison,34.6888243,-86.8862105,Spermosphere,Corn,Soybean,Conventional,,,,,,,,
291,T33,0.1951,0.3792,0.1841,0,,12,5/30/2024,5/24/2024,2/14/2025,0.2470,11.7000,TVRec_EC,AL,Madison,34.6888243,-86.8862105,Spermosphere,Corn,Soybean,Conventional,,,,,,,,
292,T34,0.1573,0.3156,0.1583,0,,12,5/30/2024,5/24/2024,2/14/2025,0.2500,17.1000,TVRec_EC,AL,Madison,34.6888243,-86.8862105,Spermosphere,Corn,Soybean,Conventional,,,,,,,,
293,T35,0.1829,0.3119,0.129,0,,12,5/30/2024,5/24/2024,2/14/2025,0.1630,16.7000,TVRec_EC,AL,Madison,34.6888243,-86.8862105,Spermosphere,Corn,Soybean,Conventional,,,,,,,,
294,T36,0.185,0.3612,0.1762,0,,12,5/30/2024,5/24/2024,2/14/2025,0.2150,10.6000,TVRec_EC,AL,Madison,34.6888243,-86.8862105,Spermosphere,Corn,Soybean,Conventional,,,,,,,,
295,T41,0.1844,0.3079,0.1235,1,,16,5/30/2024,5/24/2024,2/19/2025,0.1710,7.3200,TVRec_EC,AL,Madison,34.6888243,-86.8862105,Spermosphere,Corn,Soybean,Conventional,,,,,,,,
296,T42,0.1809,0.3285,0.1476,0,,16,5/30/2024,5/24/2024,2/19/2025,0.2090,11.4000,TVRec_EC,AL,Madison,34.6888243,-86.8862105,Spermosphere,Corn,Soybean,Conventional,,,,,,,,
297,T43,0.1487,0.3053,0.1566,0,,16,5/30/2024,5/24/2024,2/19/2025,0.1870,9.8600,TVRec_EC,AL,Madison,34.6888243,-86.8862105,Spermosphere,Corn,Soybean,Conventional,,,,,,,,
298,T44,0.1858,0.3456,0.1598,1,,16,5/30/2024,5/24/2024,2/19/2025,0.1530,11.9000,TVRec_EC,AL,Madison,34.6888243,-86.8862105,Spermosphere,Corn,Soybean,Conventional,,,,,,,,
299,T45,0.1961,0.3655,0.1694,1,,16,5/30/2024,5/24/2024,2/19/2025,0.1360,17.2000,TVRec_EC,AL,Madison,34.6888243,-86.8862105,Spermosphere,Corn,Soybean,Conventional,,,,,,,,
300,T46,0.2012,0.377,0.1758,1,,16,5/30/2024,5/24/2024,2/19/2025,0.1970,10.2000,TVRec_EC,AL,Madison,34.6888243,-86.8862105,Spermosphere,Corn,Soybean,Conventional,,,,,,,,
301,N11,0.1751,0.1751,0,0,,0,5/30/2024,5/19/2024,2/19/2025,0.2570,13.1000,N_Dakota,ND,Richland,46.47197,-96.9872,Spermosphere,Corn,Soybean,Conventional,,,,,,,,
302,N12,0.1901,0.1901,0,0,,0,5/30/2024,5/19/2024,2/19/2025,0.2410,22.4000,N_Dakota,ND,Richland,46.47197,-96.9872,Spermosphere,Corn,Soybean,Conventional,,,,,,,,
303,N13,0.1673,0.1673,0,0,,0,5/30/2024,5/19/2024,2/19/2025,0.2520,13.0000,N_Dakota,ND,Richland,46.47197,-96.9872,Spermosphere,Corn,Soybean,Conventional,,,,,,,,
304,N14,0.1491,0.1491,0,0,,0,5/30/2024,5/19/2024,2/19/2025,0.2760,14.1000,N_Dakota,ND,Richland,46.47197,-96.9872,Spermosphere,Corn,Soybean,Conventional,,,,,,,,
305,N15,0.1304,0.1304,0,0,,0,5/30/2024,5/19/2024,2/19/2025,0.2950,17.3000,N_Dakota,ND,Richland,46.47197,-96.9872,Spermosphere,Corn,Soybean,Conventional,,,,,,,,
306,N16,0.1364,0.1364,0,0,,0,5/30/2024,5/19/2024,2/19/2025,0.2390,10.6000,N_Dakota,ND,Richland,46.47197,-96.9872,Spermosphere,Corn,Soybean,Conventional,,,,,,,,
307,N21,0.1543,0.2781,0.1238,0,,8,5/30/2024,5/19/2024,2/19/2025,0.2780,12.1000,N_Dakota,ND,Richland,46.47197,-96.9872,Spermosphere,Corn,Soybean,Conventional,,,,,,,,
308,N22,0.1784,0.2998,0.1214,0,,8,5/30/2024,5/19/2024,2/19/2025,0.2680,15.3000,N_Dakota,ND,Richland,46.47197,-96.9872,Spermosphere,Corn,Soybean,Conventional,,,,,,,,
309,N23,0.1902,0.3138,0.1236,0,,8,5/30/2024,5/19/2024,2/19/2025,0.2110,14.5000,N_Dakota,ND,Richland,46.47197,-96.9872,Spermosphere,Corn,Soybean,Conventional,,,,,,,,
310,N24,0.1981,0.3243,0.1262,0,,8,5/30/2024,5/19/2024,2/19/2025,0.2740,7.8800,N_Dakota,ND,Richland,46.47197,-96.9872,Spermosphere,Corn,Soybean,Conventional,,,,,,,,
311,N25,0.1787,0.299,0.1203,0,,8,5/30/2024,5/19/2024,2/19/2025,0.1950,6.8800,N_Dakota,ND,Richland,46.47197,-96.9872,Spermosphere,Corn,Soybean,Conventional,,,,,,,,
312,NC13,NA,NA,NA,NA,NA,NA,8/5/2024,NA,2/19/2025,NA,too low,NA,NA,NA,NA,NA,Extraction_Control,NA,NA,NA,,,,,,,,
313,N26,0.1846,0.2876,0.103,0,,8,5/30/2024,5/19/2024,2/19/2025,0.2450,8.4000,N_Dakota,ND,Richland,46.47197,-96.9872,Spermosphere,Corn,Soybean,Conventional,,,,,,,,
314,N31,0.1958,0.3218,0.126,0,,12,5/30/2024,5/19/2024,2/19/2025,0.3200,12.4000,N_Dakota,ND,Richland,46.47197,-96.9872,Spermosphere,Corn,Soybean,Conventional,,,,,,,,
315,N32,0.209,0.3482,0.1392,0,,12,5/30/2024,5/19/2024,2/19/2025,0.2930,14.8000,N_Dakota,ND,Richland,46.47197,-96.9872,Spermosphere,Corn,Soybean,Conventional,,,,,,,,
316,N33,0.1981,0.3396,0.1415,0,,12,5/30/2024,5/19/2024,2/19/2025,0.2060,14.7000,N_Dakota,ND,Richland,46.47197,-96.9872,Spermosphere,Corn,Soybean,Conventional,,,,,,,,
317,N34,0.2507,0.3589,0.1082,0,,12,5/30/2024,5/19/2024,2/19/2025,0.1940,9.2200,N_Dakota,ND,Richland,46.47197,-96.9872,Spermosphere,Corn,Soybean,Conventional,,,,,,,,
318,N35,0.1829,0.2868,0.1039,0,,12,5/30/2024,5/19/2024,2/19/2025,0.2110,10.9000,N_Dakota,ND,Richland,46.47197,-96.9872,Spermosphere,Corn,Soybean,Conventional,,,,,,,,
319,N36,0.2208,0.3286,0.1078,0,,12,5/30/2024,5/19/2024,2/19/2025,0.2380,13.1000,N_Dakota,ND,Richland,46.47197,-96.9872,Spermosphere,Corn,Soybean,Conventional,,,,,,,,
320,N41,0.2783,0.399,0.1207,0,,16,5/30/2024,5/19/2024,2/19/2025,0.2290,13.0000,N_Dakota,ND,Richland,46.47197,-96.9872,Spermosphere,Corn,Soybean,Conventional,,,,,,,,
321,N42,0.2224,0.3012,0.0788,0,,16,5/30/2024,5/19/2024,2/19/2025,0.2400,12.3000,N_Dakota,ND,Richland,46.47197,-96.9872,Spermosphere,Corn,Soybean,Conventional,,,,,,,,
322,N43,0.2623,0.3946,0.1323,0,,16,5/30/2024,5/19/2024,2/19/2025,0.3000,16.5000,N_Dakota,ND,Richland,46.47197,-96.9872,Spermosphere,Corn,Soybean,Conventional,,,,,,,,
323,N44,0.2852,0.3825,0.0973,0,,16,5/30/2024,5/19/2024,2/19/2025,0.2600,9.7200,N_Dakota,ND,Richland,46.47197,-96.9872,Spermosphere,Corn,Soybean,Conventional,,,,,,,,
324,N45,0.2208,0.3616,0.1408,0,,16,5/30/2024,5/19/2024,2/19/2025,0.2850,16.7000,N_Dakota,ND,Richland,46.47197,-96.9872,Spermosphere,Corn,Soybean,Conventional,,,,,,,,
325,N46,0.2066,0.3501,0.1435,0,,16,5/30/2024,5/19/2024,2/20/2025,0.2360,9.0400,N_Dakota,ND,Richland,46.47197,-96.9872,Spermosphere,Corn,Soybean,Conventional,,,,,,,,
326,M11,0.2137,0.2137,0,0,,0,5/24/2024,5/17/2024,2/20/2025,0.2270,28.0000,Michigan,MI,Ingham,42.693741,-84.486578,Spermosphere,Wheat,Soybean,Conventional,,,,,,,,
327,M12,0.1747,0.1747,0,0,,0,5/24/2024,5/17/2024,2/20/2025,0.2930,16.9000,Michigan,MI,Ingham,42.693741,-84.486578,Spermosphere,Wheat,Soybean,Conventional,,,,,,,,
328,M13,0.2196,0.2196,0,0,,0,5/24/2024,5/17/2024,2/20/2025,0.3230,11.3000,Michigan,MI,Ingham,42.693741,-84.486578,Spermosphere,Wheat,Soybean,Conventional,,,,,,,,
329,M14,0.1931,0.1931,0,0,,0,5/24/2024,5/17/2024,2/20/2025,0.2150,14.1000,Michigan,MI,Ingham,42.693741,-84.486578,Spermosphere,Wheat,Soybean,Conventional,,,,,,,,
330,M15,0.1746,0.1746,0,0,,0,5/24/2024,5/17/2024,2/20/2025,0.2860,14.6000,Michigan,MI,Ingham,42.693741,-84.486578,Spermosphere,Wheat,Soybean,Conventional,,,,,,,,
331,M16,0.1996,0.1996,0,0,,0,5/24/2024,5/17/2024,2/20/2025,0.2630,26.0000,Michigan,MI,Ingham,42.693741,-84.486578,Spermosphere,Wheat,Soybean,Conventional,,,,,,,,
332,M21,0.1765,0.3364,0.1599,0,,8,5/24/2024,5/17/2024,2/20/2025,0.2750,22.8000,Michigan,MI,Ingham,42.693741,-84.486578,Spermosphere,Wheat,Soybean,Conventional,,,,,,,,
333,M22,0.1844,0.3722,0.1878,0,,8,5/24/2024,5/17/2024,2/20/2025,0.2810,23.2000,Michigan,MI,Ingham,42.693741,-84.486578,Spermosphere,Wheat,Soybean,Conventional,,,,,,,,
334,M23,0.1971,0.3709,0.1738,0,,8,5/24/2024,5/17/2024,2/20/2025,0.1960,17.3000,Michigan,MI,Ingham,42.693741,-84.486578,Spermosphere,Wheat,Soybean,Conventional,,,,,,,,
335,M24,0.2142,0.1858,-0.0284,0,,8,5/24/2024,5/17/2024,2/20/2025,0.2510,17.5000,Michigan,MI,Ingham,42.693741,-84.486578,Spermosphere,Wheat,Soybean,Conventional,,,,,,,,
336,NC14,NA,NA,NA,NA,NA,NA,8/5/2024,NA,2/20/2025,NA,too low,NA,NA,NA,NA,NA,Extraction_Control,NA,NA,NA,,,,,,,,
337,M25,0.2222,0.285,0.0628,0,,8,5/24/2024,5/17/2024,2/20/2025,0.2500,25.2000,Michigan,MI,Ingham,42.693741,-84.486578,Spermosphere,Wheat,Soybean,Conventional,,,,,,,,
338,M26,0.1941,0.2424,0.0483,0,,8,5/24/2024,5/17/2024,2/20/2025,0.2630,23.2000,Michigan,MI,Ingham,42.693741,-84.486578,Spermosphere,Wheat,Soybean,Conventional,,,,,,,,
339,M31,0.1771,0.3594,0.1823,0,,12,5/24/2024,5/17/2024,2/20/2025,0.2650,17.5000,Michigan,MI,Ingham,42.693741,-84.486578,Spermosphere,Wheat,Soybean,Conventional,,,,,,,,
340,M32,0.1755,0.2967,0.1212,0,,12,5/24/2024,5/17/2024,2/20/2025,0.2380,16.8000,Michigan,MI,Ingham,42.693741,-84.486578,Spermosphere,Wheat,Soybean,Conventional,,,,,,,,
341,M33,0.2153,0.404,0.1887,0,,12,5/24/2024,5/17/2024,2/20/2025,0.2010,20.4000,Michigan,MI,Ingham,42.693741,-84.486578,Spermosphere,Wheat,Soybean,Conventional,,,,,,,,
342,M34,0.1696,0.4126,0.243,0,,12,5/24/2024,5/17/2024,2/20/2025,0.2000,17.9000,Michigan,MI,Ingham,42.693741,-84.486578,Spermosphere,Wheat,Soybean,Conventional,,,,,,,,
343,M35,0.145,0.2943,0.1493,0,,12,5/24/2024,5/17/2024,2/20/2025,0.3140,33.4000,Michigan,MI,Ingham,42.693741,-84.486578,Spermosphere,Wheat,Soybean,Conventional,,,,,,,,
344,M36,0.138,0.3331,0.1951,0,,12,5/24/2024,5/17/2024,2/20/2025,0.2600,19.1000,Michigan,MI,Ingham,42.693741,-84.486578,Spermosphere,Wheat,Soybean,Conventional,,,,,,,,
345,M41,0.1855,0.4736,0.2881,0,,16,5/24/2024,5/17/2024,2/20/2025,0.2460,15.8000,Michigan,MI,Ingham,42.693741,-84.486578,Spermosphere,Wheat,Soybean,Conventional,,,,,,,,
346,M42,0.1744,0.4579,0.2835,0,,16,5/24/2024,5/17/2024,2/20/2025,0.1780,20.0000,Michigan,MI,Ingham,42.693741,-84.486578,Spermosphere,Wheat,Soybean,Conventional,,,,,,,,
347,M43,0.2054,0.3836,0.1782,0,,16,5/24/2024,5/17/2024,2/20/2025,0.2920,24.0000,Michigan,MI,Ingham,42.693741,-84.486578,Spermosphere,Wheat,Soybean,Conventional,,,,,,,,
348,M44,0.1754,0.3494,0.174,0,,16,5/24/2024,5/17/2024,2/20/2025,0.2850,27.6000,Michigan,MI,Ingham,42.693741,-84.486578,Spermosphere,Wheat,Soybean,Conventional,,,,,,,,
349,M45,0.2066,0.4138,0.2072,0,,16,5/24/2024,5/17/2024,2/21/2025,0.1340,17.6000,Michigan,MI,Ingham,42.693741,-84.486578,Spermosphere,Wheat,Soybean,Conventional,,,,,,,,
350,M46,0.1946,0.3206,0.126,0,,16,5/24/2024,5/17/2024,2/21/2025,0.2020,24.0000,Michigan,MI,Ingham,42.693741,-84.486578,Spermosphere,Wheat,Soybean,Conventional,,,,,,,,
351,P11,0.1655,0.1655,0,0,,0,5/30/2024,5/23/2024,2/21/2025,0.1710,23.0000,Pennsylvania,PA,Centre,40.716083,-77.939139,Spermosphere,,,,,,,,,,,
352,P12,0.1463,0.1463,0,0,,0,5/30/2024,5/23/2024,2/21/2025,0.2190,20.8000,Pennsylvania,PA,Centre,40.716083,-77.939139,Spermosphere,,,,,,,,,,,
353,P13,0.1532,0.1532,0,0,,0,5/30/2024,5/23/2024,2/21/2025,0.1460,14.6000,Pennsylvania,PA,Centre,40.716083,-77.939139,Spermosphere,,,,,,,,,,,
354,P14,0.1678,0.1678,0,0,,0,5/30/2024,5/23/2024,2/21/2025,0.2690,24.2000,Pennsylvania,PA,Centre,40.716083,-77.939139,Spermosphere,,,,,,,,,,,
355,P15,0.2004,0.2004,0,0,,0,5/30/2024,5/23/2024,2/21/2025,0.2160,21.2000,Pennsylvania,PA,Centre,40.716083,-77.939139,Spermosphere,,,,,,,,,,,
356,P16,0.1532,0.1532,0,0,,0,5/30/2024,5/23/2024,2/21/2025,0.1620,14.1000,Pennsylvania,PA,Centre,40.716083,-77.939139,Spermosphere,,,,,,,,,,,
357,P21,0.1774,0.3775,0.2001,0,,8,5/30/2024,5/23/2024,2/21/2025,0.2190,16.2000,Pennsylvania,PA,Centre,40.716083,-77.939139,Spermosphere,,,,,,,,,,,
358,P22,0.1753,0.3622,0.1869,0,,8,5/30/2024,5/23/2024,2/21/2025,0.1690,18.5000,Pennsylvania,PA,Centre,40.716083,-77.939139,Spermosphere,,,,,,,,,,,
359,P23,0.1728,0.3481,0.1753,0,,8,5/30/2024,5/23/2024,2/21/2025,0.2490,18.2000,Pennsylvania,PA,Centre,40.716083,-77.939139,Spermosphere,,,,,,,,,,,
360,NC15,NA,NA,NA,NA,NA,NA,8/5/2024,NA,2/21/2025,NA,too low,NA,NA,NA,NA,NA,Extraction_Control,NA,NA,NA,,,,,,,,
361,P24,0.1866,0.3808,0.1942,0,,8,5/30/2024,5/23/2024,2/21/2025,0.2350,20.4000,Pennsylvania,PA,Centre,40.716083,-77.939139,Spermosphere,,,,,,,,,,,
362,P25,0.1569,0.2809,0.124,0,,8,5/30/2024,5/23/2024,2/21/2025,0.1390,16.0000,Pennsylvania,PA,Centre,40.716083,-77.939139,Spermosphere,,,,,,,,,,,
363,P26,0.1691,0.3013,0.1322,0,,8,5/30/2024,5/23/2024,2/21/2025,0.2470,16.9000,Pennsylvania,PA,Centre,40.716083,-77.939139,Spermosphere,,,,,,,,,,,
364,P31,0.1824,0.3752,0.1928,0,,12,5/30/2024,5/23/2024,2/21/2025,0.1420,24.4000,Pennsylvania,PA,Centre,40.716083,-77.939139,Spermosphere,,,,,,,,,,,
365,P32,0.1755,0.3774,0.2019,0,,12,5/30/2024,5/23/2024,2/21/2025,0.1760,10.6000,Pennsylvania,PA,Centre,40.716083,-77.939139,Spermosphere,,,,,,,,,,,
366,P33,0.1783,0.3503,0.172,0,,12,5/30/2024,5/23/2024,2/21/2025,0.2530,18.2000,Pennsylvania,PA,Centre,40.716083,-77.939139,Spermosphere,,,,,,,,,,,
367,P34,0.1986,0.36,0.1614,0,,12,5/30/2024,5/23/2024,2/21/2025,0.3160,19.6000,Pennsylvania,PA,Centre,40.716083,-77.939139,Spermosphere,,,,,,,,,,,
368,P35,0.171,0.3453,0.1743,0,,12,5/30/2024,5/23/2024,2/21/2025,0.2680,12.3000,Pennsylvania,PA,Centre,40.716083,-77.939139,Spermosphere,,,,,,,,,,,
369,P36,0.1503,0.2954,0.1451,0,,12,5/30/2024,5/23/2024,2/21/2025,0.2090,14.2000,Pennsylvania,PA,Centre,40.716083,-77.939139,Spermosphere,,,,,,,,,,,
370,P41,0.1604,0.3903,0.2299,1,,16,5/30/2024,5/23/2024,2/21/2025,0.1700,22.6000,Pennsylvania,PA,Centre,40.716083,-77.939139,Spermosphere,,,,,,,,,,,
371,P42,0.1567,0.3135,0.1568,0,,16,5/30/2024,5/23/2024,2/21/2025,0.3050,17.5000,Pennsylvania,PA,Centre,40.716083,-77.939139,Spermosphere,,,,,,,,,,,
372,P43,0.1813,0.4311,0.2498,1,,16,5/30/2024,5/23/2024,2/21/2025,0.1390,12.5000,Pennsylvania,PA,Centre,40.716083,-77.939139,Spermosphere,,,,,,,,,,,
373,P44,0.173,0.361,0.188,1,,16,5/30/2024,5/23/2024,2/21/2025,0.2280,16.9000,Pennsylvania,PA,Centre,40.716083,-77.939139,Spermosphere,,,,,,,,,,,
374,P45,0.176,0.4123,0.2363,1,,16,5/30/2024,5/23/2024,2/21/2025,0.1790,13.8000,Pennsylvania,PA,Centre,40.716083,-77.939139,Spermosphere,,,,,,,,,,,
375,P46,0.1809,0.3683,0.1874,1,,16,5/30/2024,5/23/2024,2/21/2025,0.2080,17.5000,Pennsylvania,PA,Centre,40.716083,-77.939139,Spermosphere,,,,,,,,,,,
376,R11,0.17384,0.17384,0,0,,0,7/19/2024,7/17/2024,2/21/2025,0.2260,12.1000,Arkansas,AR,Madison,33.804222,-91.271333,Spermosphere,,,,,,,,,,,
377,R12,0.16192,0.16192,0,0,,0,7/19/2024,7/17/2024,2/21/2025,0.2500,14.8000,Arkansas,AR,Madison,33.804222,-91.271333,Spermosphere,,,,,,,,,,,
378,R13,0.19226,0.19226,0,0,,0,7/19/2024,7/17/2024,2/21/2025,0.2880,17.3000,Arkansas,AR,Madison,33.804222,-91.271333,Spermosphere,,,,,,,,,,,
379,R14,0.14956,0.14956,0,0,,0,7/19/2024,7/17/2024,2/21/2025,0.1970,8.6000,Arkansas,AR,Madison,33.804222,-91.271333,Spermosphere,,,,,,,,,,,
380,R15,0.1798,0.1798,0,0,,0,7/19/2024,7/17/2024,2/21/2025,0.1780,5.4600,Arkansas,AR,Madison,33.804222,-91.271333,Spermosphere,,,,,,,,,,,
381,R16,0.1576,0.1576,0,0,,0,7/19/2024,7/17/2024,2/21/2025,0.3010,13.8000,Arkansas,AR,Madison,33.804222,-91.271333,Spermosphere,,,,,,,,,,,
382,R21,0.18693,0.3736,0.18667,0,,8,7/19/2024,7/17/2024,2/21/2025,0.2150,10.8000,Arkansas,AR,Madison,33.804222,-91.271333,Spermosphere,,,,,,,,,,,
383,R22,0.20196,0.364,0.16204,0,,8,7/19/2024,7/17/2024,2/21/2025,0.2490,7.3200,Arkansas,AR,Madison,33.804222,-91.271333,Spermosphere,,,,,,,,,,,
384,NC16,NA,NA,NA,NA,NA,NA,8/5/2024,NA,2/21/2025,NA,too low,NA,NA,NA,NA,NA,Extraction_Control,NA,NA,NA,,,,,,,,
385,R23,0.16233,0.3735,0.21117,0,,8,7/19/2024,7/17/2024,2/21/2025,0.1670,14.3000,Arkansas,AR,Madison,33.804222,-91.271333,Spermosphere,,,,,,,,,,,
386,R24,0.14332,0.3844,0.24108,0,,8,7/19/2024,7/17/2024,2/21/2025,0.2110,17.1000,Arkansas,AR,Madison,33.804222,-91.271333,Spermosphere,,,,,,,,,,,
387,R25,0.17025,0.4233,0.25305,0,,8,7/19/2024,7/17/2024,2/21/2025,0.2080,10.5000,Arkansas,AR,Madison,33.804222,-91.271333,Spermosphere,,,,,,,,,,,
388,R26,0.1908,0.3551,0.1643,0,,8,7/19/2024,7/17/2024,2/21/2025,0.2330,15.2000,Arkansas,AR,Madison,33.804222,-91.271333,Spermosphere,,,,,,,,,,,
389,R31,0.17242,0.4652,0.29278,0,,12,7/19/2024,7/17/2024,2/21/2025,0.2300,21.4000,Arkansas,AR,Madison,33.804222,-91.271333,Spermosphere,,,,,,,,,,,
390,R32,0.15517,0.2788,0.12363,0,,12,7/19/2024,7/17/2024,2/21/2025,0.2520,16.7000,Arkansas,AR,Madison,33.804222,-91.271333,Spermosphere,,,,,,,,,,,
391,R33,0.14671,0.3084,0.16169,0,,12,7/19/2024,7/17/2024,2/21/2025,0.3000,13.9000,Arkansas,AR,Madison,33.804222,-91.271333,Spermosphere,,,,,,,,,,,
392,R34,0.16562,0.3785,0.21288,0,,12,7/19/2024,7/17/2024,2/21/2025,0.2820,12.4000,Arkansas,AR,Madison,33.804222,-91.271333,Spermosphere,,,,,,,,,,,
393,R35,0.18995,0.3785,0.18855,0,,12,7/19/2024,7/17/2024,2/21/2025,0.2650,13.3000,Arkansas,AR,Madison,33.804222,-91.271333,Spermosphere,,,,,,,,,,,
394,R36,0.19889,0.399,0.20011,0,,12,7/19/2024,7/17/2024,2/21/2025,0.2570,13.3000,Arkansas,AR,Madison,33.804222,-91.271333,Spermosphere,,,,,,,,,,,
395,R41,0.18125,0.3841,0.20285,0,,16,7/19/2024,7/17/2024,2/21/2025,0.2260,11.9000,Arkansas,AR,Madison,33.804222,-91.271333,Spermosphere,,,,,,,,,,,
396,R42,0.18523,0.371,0.18577,0,,16,7/19/2024,7/17/2024,2/21/2025,0.2930,18.7000,Arkansas,AR,Madison,33.804222,-91.271333,Spermosphere,,,,,,,,,,,
397,R43,0.20178,0.409,0.20722,0,,16,7/19/2024,7/17/2024,2/21/2025,0.2250,9.3400,Arkansas,AR,Madison,33.804222,-91.271333,Spermosphere,,,,,,,,,,,
398,R44,0.1327,0.335,0.2023,0,,16,7/19/2024,7/17/2024,2/21/2025,0.2410,10.2000,Arkansas,AR,Madison,33.804222,-91.271333,Spermosphere,,,,,,,,,,,
399,R45,0.16799,0.415,0.24701,0,,16,7/19/2024,7/17/2024,2/21/2025,0.2140,9.7400,Arkansas,AR,Madison,33.804222,-91.271333,Spermosphere,,,,,,,,,,,
400,R46,0.1438,0.344,0.2002,0,,16,7/19/2024,7/17/2024,2/21/2025,0.2340,10.5000,Arkansas,AR,Madison,33.804222,-91.271333,Spermosphere,,,,,,,,,,,
401,PCRNC1,NA,NA,NA,NA,NA,NA,8/5/2024,NA,NA,NA,,NA,NA,NA,NA,NA,Extraction_Control,NA,NA,NA,,,,,,,,
