Tube_Number,Sample_ID,Presowing_Weight,Postsowing_Weight,Weight_Imbibed,Radicle_Emergence,Disease _rating,Time,Experiment_Date,SoilCollectionDate,ExtractionDate,PCR_16S_Date,Barcode_ID_16S,Extraction Weight,Qubit_ng_uL,Location_EC,State,County,Latitude,Longitude,Sample_Type,Crop_Last_Year,Crop_This_Year,Tillage,Notes,Weather,Precipitation,Air_Temperature,Relative_Humiidty,Soil_Temperature,UVA,UVB
1,BA11,NA,NA,NA,NA,NA,0,4/3/2024,4/3/2024,8/5/2024,3/10/2025,bc385,0.071,too low,Autoclaved_Potting_Soil,Control,NA,NA,NA,Bulk_Soil,Control,Control,Control,,,,,,,,
2,BA12,NA,NA,NA,NA,NA,0,4/3/2024,4/3/2024,8/5/2024,3/10/2025,bc386,0.112,too low,Autoclaved_Potting_Soil,Control,NA,NA,NA,Bulk_Soil,Control,Control,Control,,,,,,,,
3,BA13,NA,NA,NA,NA,NA,0,4/3/2024,4/3/2024,8/5/2024,3/10/2025,bc387,0.022,too low,Autoclaved_Potting_Soil,Control,NA,NA,NA,Bulk_Soil,Control,Control,Control,,,,,,,,
4,BA14,NA,NA,NA,NA,NA,0,4/3/2024,4/3/2024,8/5/2024,3/10/2025,bc388,0.088,too low,Autoclaved_Potting_Soil,Control,NA,NA,NA,Bulk_Soil,Control,Control,Control,,,,,,,,
5,BA15,NA,NA,NA,NA,NA,0,4/3/2024,4/3/2024,8/5/2024,3/10/2025,bc389,0.107,too low,Autoclaved_Potting_Soil,Control,NA,NA,NA,Bulk_Soil,Control,Control,Control,,,,,,,,
6,BA16,NA,NA,NA,NA,NA,0,4/3/2024,4/3/2024,8/5/2024,3/10/2025,bc390,0.126,too low,Autoclaved_Potting_Soil,Control,NA,NA,NA,Bulk_Soil,Control,Control,Control,,,,,,,,
7,BA21,NA,NA,NA,NA,NA,8,4/3/2024,4/3/2024,8/5/2024,3/10/2025,bc391,0.136,too low,Autoclaved_Potting_Soil,Control,NA,NA,NA,Bulk_Soil,Control,Control,Control,,,,,,,,
8,BA22,NA,NA,NA,NA,NA,8,4/3/2024,4/3/2024,8/5/2024,3/12/2025,bc41,0.094,too low,Autoclaved_Potting_Soil,Control,NA,NA,NA,Bulk_Soil,Control,Control,Control,,,,,,,,
9,BA23,NA,NA,NA,NA,NA,8,4/3/2024,4/3/2024,8/5/2024,3/10/2025,bc393,0.112,too low,Autoclaved_Potting_Soil,Control,NA,NA,NA,Bulk_Soil,Control,Control,Control,,,,,,,,
10,BA24,NA,NA,NA,NA,NA,8,4/3/2024,4/3/2024,8/5/2024,3/10/2025,bc394,0.122,too low,Autoclaved_Potting_Soil,Control,NA,NA,NA,Bulk_Soil,Control,Control,Control,,,,,,,,
11,BA25,NA,NA,NA,NA,NA,8,4/3/2024,4/3/2024,8/5/2024,3/10/2025,bc395,0.132,too low,Autoclaved_Potting_Soil,Control,NA,NA,NA,Bulk_Soil,Control,Control,Control,,,,,,,,
12,BA26,NA,NA,NA,NA,NA,8,4/3/2024,4/3/2024,8/5/2024,3/10/2025,bc396,0.147,too low,Autoclaved_Potting_Soil,Control,NA,NA,NA,Bulk_Soil,Control,Control,Control,,,,,,,,
13,BA31,NA,NA,NA,NA,NA,12,4/3/2024,4/3/2024,8/5/2024,3/10/2025,bc397,0.134,too low,Autoclaved_Potting_Soil,Control,NA,NA,NA,Bulk_Soil,Control,Control,Control,,,,,,,,
14,BA32,NA,NA,NA,NA,NA,12,4/3/2024,4/3/2024,8/5/2024,3/10/2025,bc398,0.114,too low,Autoclaved_Potting_Soil,Control,NA,NA,NA,Bulk_Soil,Control,Control,Control,,,,,,,,
15,BA33,NA,NA,NA,NA,NA,12,4/3/2024,4/3/2024,8/5/2024,3/10/2025,bc399,0.1,too low,Autoclaved_Potting_Soil,Control,NA,NA,NA,Bulk_Soil,Control,Control,Control,,,,,,,,
16,BA34,NA,NA,NA,NA,NA,12,4/3/2024,4/3/2024,8/5/2024,3/10/2025,bc400,0.098,too low,Autoclaved_Potting_Soil,Control,NA,NA,NA,Bulk_Soil,Control,Control,Control,,,,,,,,
17,BA35,NA,NA,NA,NA,NA,12,4/3/2024,4/3/2024,8/5/2024,3/10/2025,bc401,0.153,too low,Autoclaved_Potting_Soil,Control,NA,NA,NA,Bulk_Soil,Control,Control,Control,,,,,,,,
18,BA36,NA,NA,NA,NA,NA,12,4/3/2024,4/3/2024,8/5/2024,3/10/2025,bc402,0.146,too low,Autoclaved_Potting_Soil,Control,NA,NA,NA,Bulk_Soil,Control,Control,Control,,,,,,,,
19,BA41,NA,NA,NA,NA,NA,16,4/3/2024,4/3/2024,8/5/2024,3/10/2025,bc403,0.132,too low,Autoclaved_Potting_Soil,Control,NA,NA,NA,Bulk_Soil,Control,Control,Control,,,,,,,,
20,BA42,NA,NA,NA,NA,NA,16,4/3/2024,4/3/2024,8/5/2024,3/10/2025,bc404,0.113,too low,Autoclaved_Potting_Soil,Control,NA,NA,NA,Bulk_Soil,Control,Control,Control,,,,,,,,
21,BA43,NA,NA,NA,NA,NA,16,4/3/2024,4/3/2024,8/5/2024,3/10/2025,bc405,0.153,too low,Autoclaved_Potting_Soil,Control,NA,NA,NA,Bulk_Soil,Control,Control,Control,,,,,,,,
22,BA44,NA,NA,NA,NA,NA,16,4/3/2024,4/3/2024,8/5/2024,3/10/2025,bc406,0.135,too low,Autoclaved_Potting_Soil,Control,NA,NA,NA,Bulk_Soil,Control,Control,Control,,,,,,,,
23,BA45,NA,NA,NA,NA,NA,16,4/3/2024,4/3/2024,8/5/2024,3/10/2025,bc407,0.171,too low,Autoclaved_Potting_Soil,Control,NA,NA,NA,Bulk_Soil,Control,Control,Control,,,,,,,,
24,NC01,NA,NA,NA,NA,NA,NA,8/5/2024,NA,8/5/2024,3/10/2025,bc408,NA,too low,NA,NA,NA,NA,NA,Extraction_Control,NA,NA,NA,,,,,,,,
25,BA46,NA,NA,NA,NA,NA,16,4/3/2024,4/3/2024,8/6/2024,3/10/2025,bc409,0.138,too low,Autoclaved_Potting_Soil,Control,NA,NA,NA,Bulk_Soil,Control,Control,Control,,,,,,,,
26,BW11,NA,NA,NA,NA,NA,0,5/1/2024,4/29/2024,8/6/2024,3/10/2025,bc410,0.212,6.54,Wiregrass_EC,AL,Henry,31.3601954,-85.3218948,Bulk_Soil,Soybean,Corn,Conventional,,,,,,,,
27,BW12,NA,NA,NA,NA,NA,0,5/1/2024,4/29/2024,8/6/2024,3/10/2025,bc411,0.213,6.42,Wiregrass_EC,AL,Henry,31.3601954,-85.3218948,Bulk_Soil,Soybean,Corn,Conventional,,,,,,,,
28,BW13,NA,NA,NA,NA,NA,0,5/1/2024,4/29/2024,8/6/2024,3/10/2025,bc412,0.159,3.32,Wiregrass_EC,AL,Henry,31.3601954,-85.3218948,Bulk_Soil,Soybean,Corn,Conventional,,,,,,,,
29,BW14,NA,NA,NA,NA,NA,0,5/1/2024,4/29/2024,8/6/2024,3/10/2025,bc413,0.187,4.84,Wiregrass_EC,AL,Henry,31.3601954,-85.3218948,Bulk_Soil,Soybean,Corn,Conventional,,,,,,,,
30,BW15,NA,NA,NA,NA,NA,0,5/1/2024,4/29/2024,8/6/2024,3/10/2025,bc414,0.22,7.38,Wiregrass_EC,AL,Henry,31.3601954,-85.3218948,Bulk_Soil,Soybean,Corn,Conventional,,,,,,,,
31,BW16,NA,NA,NA,NA,NA,0,5/1/2024,4/29/2024,8/6/2024,3/10/2025,bc415,0.27,7.48,Wiregrass_EC,AL,Henry,31.3601954,-85.3218948,Bulk_Soil,Soybean,Corn,Conventional,,,,,,,,
32,BW21,NA,NA,NA,NA,NA,8,5/1/2024,4/29/2024,8/6/2024,3/10/2025,bc416,0.216,5.06,Wiregrass_EC,AL,Henry,31.3601954,-85.3218948,Bulk_Soil,Soybean,Corn,Conventional,,,,,,,,
33,BW22,NA,NA,NA,NA,NA,8,5/1/2024,4/29/2024,8/6/2024,3/10/2025,bc417,0.258,4.28,Wiregrass_EC,AL,Henry,31.3601954,-85.3218948,Bulk_Soil,Soybean,Corn,Conventional,,,,,,,,
34,BW23,NA,NA,NA,NA,NA,8,5/1/2024,4/29/2024,8/6/2024,3/10/2025,bc418,0.21,4.08,Wiregrass_EC,AL,Henry,31.3601954,-85.3218948,Bulk_Soil,Soybean,Corn,Conventional,,,,,,,,
35,BW24,NA,NA,NA,NA,NA,8,5/1/2024,4/29/2024,8/6/2024,3/10/2025,bc419,0.2,3.74,Wiregrass_EC,AL,Henry,31.3601954,-85.3218948,Bulk_Soil,Soybean,Corn,Conventional,,,,,,,,
36,BW25,NA,NA,NA,NA,NA,8,5/1/2024,4/29/2024,8/6/2024,3/10/2025,bc420,0.252,4.72,Wiregrass_EC,AL,Henry,31.3601954,-85.3218948,Bulk_Soil,Soybean,Corn,Conventional,,,,,,,,
37,BW26,NA,NA,NA,NA,NA,8,5/1/2024,4/29/2024,8/6/2024,3/10/2025,bc421,0.223,4.22,Wiregrass_EC,AL,Henry,31.3601954,-85.3218948,Bulk_Soil,Soybean,Corn,Conventional,,,,,,,,
38,BW31,NA,NA,NA,NA,NA,12,5/1/2024,4/29/2024,8/6/2024,3/10/2025,bc422,0.299,5.4,Wiregrass_EC,AL,Henry,31.3601954,-85.3218948,Bulk_Soil,Soybean,Corn,Conventional,,,,,,,,
39,BW32,NA,NA,NA,NA,NA,12,5/1/2024,4/29/2024,8/6/2024,3/10/2025,bc423,0.293,4.98,Wiregrass_EC,AL,Henry,31.3601954,-85.3218948,Bulk_Soil,Soybean,Corn,Conventional,,,,,,,,
40,BW33,NA,NA,NA,NA,NA,12,5/1/2024,4/29/2024,8/6/2024,3/10/2025,bc424,0.204,5.22,Wiregrass_EC,AL,Henry,31.3601954,-85.3218948,Bulk_Soil,Soybean,Corn,Conventional,,,,,,,,
41,BW34,NA,NA,NA,NA,NA,12,5/1/2024,4/29/2024,8/6/2024,3/10/2025,bc425,0.259,5.32,Wiregrass_EC,AL,Henry,31.3601954,-85.3218948,Bulk_Soil,Soybean,Corn,Conventional,,,,,,,,
42,BW35,NA,NA,NA,NA,NA,12,5/1/2024,4/29/2024,8/6/2024,3/10/2025,bc426,0.212,3.6,Wiregrass_EC,AL,Henry,31.3601954,-85.3218948,Bulk_Soil,Soybean,Corn,Conventional,,,,,,,,
43,BW36,NA,NA,NA,NA,NA,12,5/1/2024,4/29/2024,8/6/2024,3/10/2025,bc427,0.281,4.44,Wiregrass_EC,AL,Henry,31.3601954,-85.3218948,Bulk_Soil,Soybean,Corn,Conventional,,,,,,,,
44,BW41,NA,NA,NA,NA,NA,16,5/1/2024,4/29/2024,8/6/2024,3/10/2025,bc428,0.261,6.1,Wiregrass_EC,AL,Henry,31.3601954,-85.3218948,Bulk_Soil,Soybean,Corn,Conventional,,,,,,,,
45,BW42,NA,NA,NA,NA,NA,16,5/1/2024,4/29/2024,8/6/2024,3/10/2025,bc429,0.283,3.6,Wiregrass_EC,AL,Henry,31.3601954,-85.3218948,Bulk_Soil,Soybean,Corn,Conventional,,,,,,,,
46,BW43,NA,NA,NA,NA,NA,16,5/1/2024,4/29/2024,8/6/2024,3/10/2025,bc430,0.185,3.42,Wiregrass_EC,AL,Henry,31.3601954,-85.3218948,Bulk_Soil,Soybean,Corn,Conventional,,,,,,,,
47,BW44,NA,NA,NA,NA,NA,16,5/1/2024,4/29/2024,8/6/2024,3/10/2025,bc431,0.236,too low,Wiregrass_EC,AL,Henry,31.3601954,-85.3218948,Bulk_Soil,Soybean,Corn,Conventional,,,,,,,,
48,NC02,NA,NA,NA,NA,NA,NA,8/5/2024,NA,8/6/2024,3/10/2025,bc432,NA,too low,NA,NA,NA,NA,NA,Extraction_Control,NA,NA,NA,,,,,,,,
49,BW45,NA,NA,NA,NA,NA,16,5/1/2024,4/29/2024,11/6/2024,3/10/2025,bc433,0.2279,2.66,Wiregrass_EC,AL,Henry,31.3601954,-85.3218948,Bulk_Soil,Soybean,Corn,Conventional,,,,,,,,
50,BW46,NA,NA,NA,NA,NA,16,5/1/2024,4/29/2024,11/6/2024,3/10/2025,bc434,0.2972,3.08,Wiregrass_EC,AL,Henry,31.3601954,-85.3218948,Bulk_Soil,Soybean,Corn,Conventional,,,,,,,,
51,BE11,NA,NA,NA,NA,NA,0,5/1/2024,4/29/2024,11/6/2024,3/10/2025,bc435,0.2716,7.02,EVSmith_EC,AL,Macon,32.42789,-85.89018,Bulk_Soil,Wheat,Soybean,Covercrop_NoTill,,,,,,,,
52,BE12,NA,NA,NA,NA,NA,0,5/1/2024,4/29/2024,11/6/2024,3/10/2025,bc436,0.2217,4.18,EVSmith_EC,AL,Macon,32.42789,-85.89018,Bulk_Soil,Wheat,Soybean,Covercrop_NoTill,,,,,,,,
53,BE13,NA,NA,NA,NA,NA,0,5/1/2024,4/29/2024,11/6/2024,3/10/2025,bc437,0.1936,3.2,EVSmith_EC,AL,Macon,32.42789,-85.89018,Bulk_Soil,Wheat,Soybean,Covercrop_NoTill,,,,,,,,
54,BE14,NA,NA,NA,NA,NA,0,5/1/2024,4/29/2024,11/6/2024,3/10/2025,bc438,0.2445,5.14,EVSmith_EC,AL,Macon,32.42789,-85.89018,Bulk_Soil,Wheat,Soybean,Covercrop_NoTill,,,,,,,,
55,BE15,NA,NA,NA,NA,NA,0,5/1/2024,4/29/2024,11/6/2024,3/10/2025,bc439,0.1695,0.422,EVSmith_EC,AL,Macon,32.42789,-85.89018,Bulk_Soil,Wheat,Soybean,Covercrop_NoTill,,,,,,,,
56,BE16,NA,NA,NA,NA,NA,0,5/1/2024,4/29/2024,11/6/2024,3/10/2025,bc440,0.1991,1.26,EVSmith_EC,AL,Macon,32.42789,-85.89018,Bulk_Soil,Wheat,Soybean,Covercrop_NoTill,,,,,,,,
57,BE21,NA,NA,NA,NA,NA,8,5/1/2024,4/29/2024,11/6/2024,3/10/2025,bc441,0.2554,3.62,EVSmith_EC,AL,Macon,32.42789,-85.89018,Bulk_Soil,Wheat,Soybean,Covercrop_NoTill,,,,,,,,
58,BE22,NA,NA,NA,NA,NA,8,5/1/2024,4/29/2024,11/6/2024,3/10/2025,bc442,0.2452,4.2,EVSmith_EC,AL,Macon,32.42789,-85.89018,Bulk_Soil,Wheat,Soybean,Covercrop_NoTill,,,,,,,,
59,BE23,NA,NA,NA,NA,NA,8,5/1/2024,4/29/2024,11/6/2024,3/10/2025,bc443,0.276,5.58,EVSmith_EC,AL,Macon,32.42789,-85.89018,Bulk_Soil,Wheat,Soybean,Covercrop_NoTill,,,,,,,,
60,BE24,NA,NA,NA,NA,NA,8,5/1/2024,4/29/2024,11/6/2024,3/10/2025,bc444,0.1668,3.2,EVSmith_EC,AL,Macon,32.42789,-85.89018,Bulk_Soil,Wheat,Soybean,Covercrop_NoTill,,,,,,,,
61,BE25,NA,NA,NA,NA,NA,8,5/1/2024,4/29/2024,11/6/2024,3/10/2025,bc445,0.2482,5.52,EVSmith_EC,AL,Macon,32.42789,-85.89018,Bulk_Soil,Wheat,Soybean,Covercrop_NoTill,,,,,,,,
62,BE26,NA,NA,NA,NA,NA,8,5/1/2024,4/29/2024,11/6/2024,3/10/2025,bc446,0.186,2.94,EVSmith_EC,AL,Macon,32.42789,-85.89018,Bulk_Soil,Wheat,Soybean,Covercrop_NoTill,,,,,,,,
63,BE31,NA,NA,NA,NA,NA,12,5/1/2024,4/29/2024,11/6/2024,3/10/2025,bc447,0.2266,3.4,EVSmith_EC,AL,Macon,32.42789,-85.89018,Bulk_Soil,Wheat,Soybean,Covercrop_NoTill,,,,,,,,
64,BE32,NA,NA,NA,NA,NA,12,5/1/2024,4/29/2024,11/6/2024,3/10/2025,bc448,0.2572,5.48,EVSmith_EC,AL,Macon,32.42789,-85.89018,Bulk_Soil,Wheat,Soybean,Covercrop_NoTill,,,,,,,,
65,BE33,NA,NA,NA,NA,NA,12,5/1/2024,4/29/2024,11/6/2024,3/10/2025,bc449,0.2883,4.72,EVSmith_EC,AL,Macon,32.42789,-85.89018,Bulk_Soil,Wheat,Soybean,Covercrop_NoTill,,,,,,,,
66,BE34,NA,NA,NA,NA,NA,12,5/1/2024,4/29/2024,11/6/2024,3/10/2025,bc450,0.2756,4.52,EVSmith_EC,AL,Macon,32.42789,-85.89018,Bulk_Soil,Wheat,Soybean,Covercrop_NoTill,,,,,,,,
67,BE35,NA,NA,NA,NA,NA,12,5/1/2024,4/29/2024,11/6/2024,3/10/2025,bc451,0.1884,3.3,EVSmith_EC,AL,Macon,32.42789,-85.89018,Bulk_Soil,Wheat,Soybean,Covercrop_NoTill,,,,,,,,
68,BE36,NA,NA,NA,NA,NA,12,5/1/2024,4/29/2024,11/6/2024,3/10/2025,bc452,0.1829,2.22,EVSmith_EC,AL,Macon,32.42789,-85.89018,Bulk_Soil,Wheat,Soybean,Covercrop_NoTill,,,,,,,,
69,BE41,NA,NA,NA,NA,NA,16,5/1/2024,4/29/2024,11/6/2024,3/10/2025,bc453,0.1872,2.56,EVSmith_EC,AL,Macon,32.42789,-85.89018,Bulk_Soil,Wheat,Soybean,Covercrop_NoTill,,,,,,,,
70,BE42,NA,NA,NA,NA,NA,16,5/1/2024,4/29/2024,11/6/2024,3/10/2025,bc454,0.2301,3.68,EVSmith_EC,AL,Macon,32.42789,-85.89018,Bulk_Soil,Wheat,Soybean,Covercrop_NoTill,,,,,,,,
71,BE43,NA,NA,NA,NA,NA,16,5/1/2024,4/29/2024,11/6/2024,3/10/2025,bc455,0.1943,3.34,EVSmith_EC,AL,Macon,32.42789,-85.89018,Bulk_Soil,Wheat,Soybean,Covercrop_NoTill,,,,,,,,
72,NC03,NA,NA,NA,NA,NA,NA,8/5/2024,NA,11/6/2024,3/10/2025,bc456,NA,too low,NA,NA,NA,NA,NA,Extraction_Control,NA,NA,NA,,,,,,,,
73,BE44,NA,NA,NA,NA,NA,16,5/1/2024,4/29/2024,1/29/2025,3/10/2025,bc457,0.247,6.96,EVSmith_EC,AL,Macon,32.42789,-85.89018,Bulk_Soil,Wheat,Soybean,Covercrop_NoTill,,,,,,,,
74,BE45,NA,NA,NA,NA,NA,16,5/1/2024,4/29/2024,1/29/2025,3/10/2025,bc458,0.22,7.12,EVSmith_EC,AL,Macon,32.42789,-85.89018,Bulk_Soil,Wheat,Soybean,Covercrop_NoTill,,,,,,,,
75,BE46,NA,NA,NA,NA,NA,16,5/1/2024,4/29/2024,1/29/2025,3/10/2025,bc459,0.305,11.5,EVSmith_EC,AL,Macon,32.42789,-85.89018,Bulk_Soil,Wheat,Soybean,Covercrop_NoTill,,,,,,,,
76,BT11,NA,NA,NA,NA,NA,0,5/30/2024,5/19/2024,1/29/2025,3/10/2025,bc460,0.184,3.8,TVRec_EC,AL,Madison,34.6888243,-86.8862105,Bulk_Soil,Corn,Soybean,Conventional,,,,,,,,
77,BT12,NA,NA,NA,NA,NA,0,5/30/2024,5/19/2024,1/29/2025,3/10/2025,bc461,0.276,8,TVRec_EC,AL,Madison,34.6888243,-86.8862105,Bulk_Soil,Corn,Soybean,Conventional,,,,,,,,
78,BT13,NA,NA,NA,NA,NA,0,5/30/2024,5/19/2024,1/29/2025,3/10/2025,bc462,0.295,7.8,TVRec_EC,AL,Madison,34.6888243,-86.8862105,Bulk_Soil,Corn,Soybean,Conventional,,,,,,,,
79,BT14,NA,NA,NA,NA,NA,0,5/30/2024,5/19/2024,1/29/2025,3/10/2025,bc463,0.311,15.5,TVRec_EC,AL,Madison,34.6888243,-86.8862105,Bulk_Soil,Corn,Soybean,Conventional,,,,,,,,
80,BT15,NA,NA,NA,NA,NA,0,5/30/2024,5/19/2024,1/29/2025,3/10/2025,bc464,0.219,11.7,TVRec_EC,AL,Madison,34.6888243,-86.8862105,Bulk_Soil,Corn,Soybean,Conventional,,,,,,,,
81,BT16,NA,NA,NA,NA,NA,0,5/30/2024,5/19/2024,1/29/2025,3/10/2025,bc465,0.181,6.26,TVRec_EC,AL,Madison,34.6888243,-86.8862105,Bulk_Soil,Corn,Soybean,Conventional,,,,,,,,
82,BT21,NA,NA,NA,NA,NA,8,5/30/2024,5/19/2024,1/29/2025,3/10/2025,bc466,0.195,5.92,TVRec_EC,AL,Madison,34.6888243,-86.8862105,Bulk_Soil,Corn,Soybean,Conventional,,,,,,,,
83,BT22,NA,NA,NA,NA,NA,8,5/30/2024,5/19/2024,1/29/2025,3/10/2025,bc467,0.308,12,TVRec_EC,AL,Madison,34.6888243,-86.8862105,Bulk_Soil,Corn,Soybean,Conventional,,,,,,,,
84,BT23,NA,NA,NA,NA,NA,8,5/30/2024,5/19/2024,1/29/2025,3/10/2025,bc468,0.303,10.3,TVRec_EC,AL,Madison,34.6888243,-86.8862105,Bulk_Soil,Corn,Soybean,Conventional,,,,,,,,
85,BT24,NA,NA,NA,NA,NA,8,5/30/2024,5/19/2024,1/29/2025,3/10/2025,bc469,0.165,6.74,TVRec_EC,AL,Madison,34.6888243,-86.8862105,Bulk_Soil,Corn,Soybean,Conventional,,,,,,,,
86,BT25,NA,NA,NA,NA,NA,8,5/30/2024,5/19/2024,1/29/2025,3/10/2025,bc470,0.159,4.82,TVRec_EC,AL,Madison,34.6888243,-86.8862105,Bulk_Soil,Corn,Soybean,Conventional,,,,,,,,
87,BT26,NA,NA,NA,NA,NA,8,5/30/2024,5/19/2024,1/29/2025,3/10/2025,bc471,0.282,11.6,TVRec_EC,AL,Madison,34.6888243,-86.8862105,Bulk_Soil,Corn,Soybean,Conventional,,,,,,,,
88,BT31,NA,NA,NA,NA,NA,12,5/30/2024,5/19/2024,1/29/2025,3/10/2025,bc472,0.165,8.8,TVRec_EC,AL,Madison,34.6888243,-86.8862105,Bulk_Soil,Corn,Soybean,Conventional,,,,,,,,
89,BT32,NA,NA,NA,NA,NA,12,5/30/2024,5/19/2024,1/29/2025,3/10/2025,bc473,0.197,12.2,TVRec_EC,AL,Madison,34.6888243,-86.8862105,Bulk_Soil,Corn,Soybean,Conventional,,,,,,,,
90,BT33,NA,NA,NA,NA,NA,12,5/30/2024,5/19/2024,1/29/2025,3/4/2025,bc474,0.196,12.3,TVRec_EC,AL,Madison,34.6888243,-86.8862105,Bulk_Soil,Corn,Soybean,Conventional,,,,,,,,
91,BT34,NA,NA,NA,NA,NA,12,5/30/2024,5/19/2024,1/29/2025,3/4/2025,bc475,0.319,19.7,TVRec_EC,AL,Madison,34.6888243,-86.8862105,Bulk_Soil,Corn,Soybean,Conventional,,,,,,,,
92,BT35,NA,NA,NA,NA,NA,12,5/30/2024,5/19/2024,1/29/2025,3/4/2025,bc476,0.154,7.42,TVRec_EC,AL,Madison,34.6888243,-86.8862105,Bulk_Soil,Corn,Soybean,Conventional,,,,,,,,
93,BT36,NA,NA,NA,NA,NA,12,5/30/2024,5/19/2024,1/29/2025,3/4/2025,bc477,0.154,5.14,TVRec_EC,AL,Madison,34.6888243,-86.8862105,Bulk_Soil,Corn,Soybean,Conventional,,,,,,,,
94,BT41,NA,NA,NA,NA,NA,16,5/30/2024,5/19/2024,1/29/2025,3/11/2025,bc481,0.197,10.2,TVRec_EC,AL,Madison,34.6888243,-86.8862105,Bulk_Soil,Corn,Soybean,Conventional,,,,,,,,
95,BT42,NA,NA,NA,NA,NA,16,5/30/2024,5/19/2024,1/29/2025,3/11/2025,bc482,0.205,12.1,TVRec_EC,AL,Madison,34.6888243,-86.8862105,Bulk_Soil,Corn,Soybean,Conventional,,,,,,,,
96,NC04,NA,NA,NA,NA,NA,NA,8/5/2024,NA,1/29/2025,3/11/2025,bc483,NA,too low,NA,NA,NA,NA,NA,Extraction_Control,NA,NA,NA,,,,,,,,
97,BT43,NA,NA,NA,NA,NA,16,5/30/2024,5/19/2024,1/29/2025,3/11/2025,bc484,0.176,10.7,TVRec_EC,AL,Madison,34.6888243,-86.8862105,Bulk_Soil,Corn,Soybean,Conventional,,,,,,,,
98,BT44,NA,NA,NA,NA,NA,16,5/30/2024,5/19/2024,1/29/2025,3/11/2025,bc485,0.149,7.88,TVRec_EC,AL,Madison,34.6888243,-86.8862105,Bulk_Soil,Corn,Soybean,Conventional,,,,,,,,
99,BT45,NA,NA,NA,NA,NA,16,5/30/2024,5/19/2024,1/29/2025,3/11/2025,bc486,0.16,9.32,TVRec_EC,AL,Madison,34.6888243,-86.8862105,Bulk_Soil,Corn,Soybean,Conventional,,,,,,,,
100,BT46,NA,NA,NA,NA,NA,16,5/30/2024,5/19/2024,1/29/2025,3/11/2025,bc487,0.249,14.9,TVRec_EC,AL,Madison,34.6888243,-86.8862105,Bulk_Soil,Corn,Soybean,Conventional,,,,,,,,
101,BN11,NA,NA,NA,NA,NA,0,5/30/2024,5/19/2024,1/29/2025,3/11/2025,bc488,0.305,21,N_Dakota,ND,Richland,46.47197,-96.9872,Bulk_Soil,Corn,Soybean,Conventional,,,,,,,,
102,BN12,NA,NA,NA,NA,NA,0,5/30/2024,5/19/2024,1/29/2025,3/11/2025,bc489,0.233,11.6,N_Dakota,ND,Richland,46.47197,-96.9872,Bulk_Soil,Corn,Soybean,Conventional,,,,,,,,
103,BN13,NA,NA,NA,NA,NA,0,5/30/2024,5/19/2024,1/29/2025,3/11/2025,bc490,0.177,8.86,N_Dakota,ND,Richland,46.47197,-96.9872,Bulk_Soil,Corn,Soybean,Conventional,,,,,,,,
104,BN14,NA,NA,NA,NA,NA,0,5/30/2024,5/19/2024,1/29/2025,3/11/2025,bc491,0.234,10.9,N_Dakota,ND,Richland,46.47197,-96.9872,Bulk_Soil,Corn,Soybean,Conventional,,,,,,,,
105,BN15,NA,NA,NA,NA,NA,0,5/30/2024,5/19/2024,1/29/2025,3/11/2025,bc492,0.22,9,N_Dakota,ND,Richland,46.47197,-96.9872,Bulk_Soil,Corn,Soybean,Conventional,,,,,,,,
106,BN16,NA,NA,NA,NA,NA,0,5/30/2024,5/19/2024,1/29/2025,3/11/2025,bc493,0.296,13.5,N_Dakota,ND,Richland,46.47197,-96.9872,Bulk_Soil,Corn,Soybean,Conventional,,,,,,,,
107,BN21,NA,NA,NA,NA,NA,8,5/30/2024,5/19/2024,1/29/2025,3/11/2025,bc494,0.267,9.44,N_Dakota,ND,Richland,46.47197,-96.9872,Bulk_Soil,Corn,Soybean,Conventional,,,,,,,,
108,BN22,NA,NA,NA,NA,NA,8,5/30/2024,5/19/2024,1/29/2025,3/11/2025,bc495,0.25,7.76,N_Dakota,ND,Richland,46.47197,-96.9872,Bulk_Soil,Corn,Soybean,Conventional,,,,,,,,
109,BN23,NA,NA,NA,NA,NA,8,5/30/2024,5/19/2024,1/29/2025,3/11/2025,bc496,0.268,6.26,N_Dakota,ND,Richland,46.47197,-96.9872,Bulk_Soil,Corn,Soybean,Conventional,,,,,,,,
110,BN24,NA,NA,NA,NA,NA,8,5/30/2024,5/19/2024,1/29/2025,3/11/2025,bc497,0.202,8.24,N_Dakota,ND,Richland,46.47197,-96.9872,Bulk_Soil,Corn,Soybean,Conventional,,,,,,,,
111,BN25,NA,NA,NA,NA,NA,8,5/30/2024,5/19/2024,1/29/2025,3/11/2025,bc498,0.309,7.14,N_Dakota,ND,Richland,46.47197,-96.9872,Bulk_Soil,Corn,Soybean,Conventional,,,,,,,,
112,BN26,NA,NA,NA,NA,NA,8,5/30/2024,5/19/2024,1/29/2025,3/11/2025,bc499,0.249,7.36,N_Dakota,ND,Richland,46.47197,-96.9872,Bulk_Soil,Corn,Soybean,Conventional,,,,,,,,
113,BN31,NA,NA,NA,NA,NA,12,5/30/2024,5/19/2024,1/29/2025,3/11/2025,bc500,0.255,10.2,N_Dakota,ND,Richland,46.47197,-96.9872,Bulk_Soil,Corn,Soybean,Conventional,,,,,,,,
114,BN32,NA,NA,NA,NA,NA,12,5/30/2024,5/19/2024,1/29/2025,3/11/2025,bc501,0.243,4.08,N_Dakota,ND,Richland,46.47197,-96.9872,Bulk_Soil,Corn,Soybean,Conventional,,,,,,,,
115,BN33,NA,NA,NA,NA,NA,12,5/30/2024,5/19/2024,1/29/2025,3/11/2025,bc502,0.269,8.72,N_Dakota,ND,Richland,46.47197,-96.9872,Bulk_Soil,Corn,Soybean,Conventional,,,,,,,,
116,BN34,NA,NA,NA,NA,NA,12,5/30/2024,5/19/2024,1/29/2025,3/11/2025,bc503,0.169,8.42,N_Dakota,ND,Richland,46.47197,-96.9872,Bulk_Soil,Corn,Soybean,Conventional,,,,,,,,
117,BN35,NA,NA,NA,NA,NA,12,5/30/2024,5/19/2024,1/29/2025,3/11/2025,bc504,0.268,14.8,N_Dakota,ND,Richland,46.47197,-96.9872,Bulk_Soil,Corn,Soybean,Conventional,,,,,,,,
118,BN36,NA,NA,NA,NA,NA,12,5/30/2024,5/19/2024,1/29/2025,3/11/2025,bc505,0.274,14.6,N_Dakota,ND,Richland,46.47197,-96.9872,Bulk_Soil,Corn,Soybean,Conventional,,,,,,,,
119,BN41,NA,NA,NA,NA,NA,16,5/30/2024,5/19/2024,1/29/2025,3/11/2025,bc506,0.15,8.26,N_Dakota,ND,Richland,46.47197,-96.9872,Bulk_Soil,Corn,Soybean,Conventional,,,,,,,,
120,NC05,NA,NA,NA,NA,NA,NA,8/5/2024,NA,1/29/2025,3/11/2025,bc507,NA,too low,NA,NA,NA,NA,NA,Extraction_Control,NA,NA,NA,NC_for_97-126,,,,,,,
121,BN42,NA,NA,NA,NA,NA,16,5/30/2024,5/19/2024,1/29/2025,3/11/2025,bc508,0.148,4.54,N_Dakota,ND,Richland,46.47197,-96.9872,Bulk_Soil,Corn,Soybean,Conventional,,,,,,,,
122,BN43,NA,NA,NA,NA,NA,16,5/30/2024,5/19/2024,1/29/2025,3/11/2025,bc509,0.219,6.38,N_Dakota,ND,Richland,46.47197,-96.9872,Bulk_Soil,Corn,Soybean,Conventional,,,,,,,,
123,BN44,NA,NA,NA,NA,NA,16,5/30/2024,5/19/2024,1/29/2025,3/11/2025,bc510,0.131,11.9,N_Dakota,ND,Richland,46.47197,-96.9872,Bulk_Soil,Corn,Soybean,Conventional,,,,,,,,
124,BN45,NA,NA,NA,NA,NA,16,5/30/2024,5/19/2024,1/29/2025,3/11/2025,bc511,0.191,6.32,N_Dakota,ND,Richland,46.47197,-96.9872,Bulk_Soil,Corn,Soybean,Conventional,,,,,,,,
125,BN46,NA,NA,NA,NA,NA,16,5/30/2024,5/19/2024,1/29/2025,3/11/2025,bc512,0.211,9.94,N_Dakota,ND,Richland,46.47197,-96.9872,Bulk_Soil,Corn,Soybean,Conventional,,,,,,,,
126,BM11,NA,NA,NA,NA,NA,0,5/24/2024,5/17/2024,1/29/2025,3/11/2025,bc513,0.16,18.3,Michigan,MI,Ingham,42.693741,-84.486578,Bulk_Soil,Wheat,Soybean,Conventional,,,,,,,,
127,BM12,NA,NA,NA,NA,NA,0,5/24/2024,5/17/2024,1/30/2025,3/11/2025,bc514,0.216,19.8,Michigan,MI,Ingham,42.693741,-84.486578,Bulk_Soil,Wheat,Soybean,Conventional,,,,,,,,
128,BM13,NA,NA,NA,NA,NA,0,5/24/2024,5/17/2024,1/30/2025,3/11/2025,bc515,0.21,18.6,Michigan,MI,Ingham,42.693741,-84.486578,Bulk_Soil,Wheat,Soybean,Conventional,,,,,,,,
129,BM14,NA,NA,NA,NA,NA,0,5/24/2024,5/17/2024,1/30/2025,3/11/2025,bc516,0.172,15.6,Michigan,MI,Ingham,42.693741,-84.486578,Bulk_Soil,Wheat,Soybean,Conventional,,,,,,,,
130,BM15,NA,NA,NA,NA,NA,0,5/24/2024,5/17/2024,1/30/2025,3/11/2025,bc517,0.21,21,Michigan,MI,Ingham,42.693741,-84.486578,Bulk_Soil,Wheat,Soybean,Conventional,,,,,,,,
131,BM16,NA,NA,NA,NA,NA,0,5/24/2024,5/17/2024,1/30/2025,3/11/2025,bc518,0.137,8.16,Michigan,MI,Ingham,42.693741,-84.486578,Bulk_Soil,Wheat,Soybean,Conventional,,,,,,,,
132,BM21,NA,NA,NA,NA,NA,8,5/24/2024,5/17/2024,1/30/2025,3/11/2025,bc519,0.193,17.9,Michigan,MI,Ingham,42.693741,-84.486578,Bulk_Soil,Wheat,Soybean,Conventional,,,,,,,,
133,BM22,NA,NA,NA,NA,NA,8,5/24/2024,5/17/2024,1/30/2025,3/11/2025,bc520,0.28,19.8,Michigan,MI,Ingham,42.693741,-84.486578,Bulk_Soil,Wheat,Soybean,Conventional,,,,,,,,
134,BM23,NA,NA,NA,NA,NA,8,5/24/2024,5/17/2024,1/30/2025,3/11/2025,bc521,0.192,14.9,Michigan,MI,Ingham,42.693741,-84.486578,Bulk_Soil,Wheat,Soybean,Conventional,,,,,,,,
135,BM24,NA,NA,NA,NA,NA,8,5/24/2024,5/17/2024,1/30/2025,3/11/2025,bc522,0.303,9.68,Michigan,MI,Ingham,42.693741,-84.486578,Bulk_Soil,Wheat,Soybean,Conventional,,,,,,,,
136,BM25,NA,NA,NA,NA,NA,8,5/24/2024,5/17/2024,1/30/2025,3/11/2025,bc523,0.166,20.4,Michigan,MI,Ingham,42.693741,-84.486578,Bulk_Soil,Wheat,Soybean,Conventional,,,,,,,,
137,BM26,NA,NA,NA,NA,NA,8,5/24/2024,5/17/2024,1/30/2025,3/11/2025,bc524,0.18,16.4,Michigan,MI,Ingham,42.693741,-84.486578,Bulk_Soil,Wheat,Soybean,Conventional,,,,,,,,
138,BM31,NA,NA,NA,NA,NA,12,5/24/2024,5/17/2024,1/30/2025,3/11/2025,bc525,0.246,10.5,Michigan,MI,Ingham,42.693741,-84.486578,Bulk_Soil,Wheat,Soybean,Conventional,,,,,,,,
139,BM32,NA,NA,NA,NA,NA,12,5/24/2024,5/17/2024,1/30/2025,3/11/2025,bc526,0.202,8.82,Michigan,MI,Ingham,42.693741,-84.486578,Bulk_Soil,Wheat,Soybean,Conventional,,,,,,,,
140,BM33,NA,NA,NA,NA,NA,12,5/24/2024,5/17/2024,1/30/2025,3/11/2025,bc527,0.249,12.9,Michigan,MI,Ingham,42.693741,-84.486578,Bulk_Soil,Wheat,Soybean,Conventional,,,,,,,,
141,BM34,NA,NA,NA,NA,NA,12,5/24/2024,5/17/2024,1/30/2025,3/11/2025,bc528,0.165,9.3,Michigan,MI,Ingham,42.693741,-84.486578,Bulk_Soil,Wheat,Soybean,Conventional,,,,,,,,
142,BM35,NA,NA,NA,NA,NA,12,5/24/2024,5/17/2024,1/30/2025,3/11/2025,bc529,0.225,14.2,Michigan,MI,Ingham,42.693741,-84.486578,Bulk_Soil,Wheat,Soybean,Conventional,,,,,,,,
143,BM36,NA,NA,NA,NA,NA,12,5/24/2024,5/17/2024,1/30/2025,3/11/2025,bc530,0.209,22.6,Michigan,MI,Ingham,42.693741,-84.486578,Bulk_Soil,Wheat,Soybean,Conventional,,,,,,,,
144,NC06,NA,NA,NA,NA,NA,NA,8/5/2024,NA,1/30/2025,3/11/2025,bc531,NA,too low,NA,NA,NA,NA,NA,Extraction_Control,NA,NA,NA,,,,,,,,
145,BM41,NA,NA,NA,NA,NA,16,5/24/2024,5/17/2024,1/30/2025,3/11/2025,bc532,0.143,5.2,Michigan,MI,Ingham,42.693741,-84.486578,Bulk_Soil,Wheat,Soybean,Conventional,,,,,,,,
146,BM42,NA,NA,NA,NA,NA,16,5/24/2024,5/17/2024,1/30/2025,3/11/2025,bc533,0.282,13.8,Michigan,MI,Ingham,42.693741,-84.486578,Bulk_Soil,Wheat,Soybean,Conventional,,,,,,,,
147,BM43,NA,NA,NA,NA,NA,16,5/24/2024,5/17/2024,1/30/2025,3/11/2025,bc534,0.111,11.1,Michigan,MI,Ingham,42.693741,-84.486578,Bulk_Soil,Wheat,Soybean,Conventional,,,,,,,,
148,BM44,NA,NA,NA,NA,NA,16,5/24/2024,5/17/2024,1/30/2025,3/11/2025,bc535,0.32,15.3,Michigan,MI,Ingham,42.693741,-84.486578,Bulk_Soil,Wheat,Soybean,Conventional,,,,,,,,
149,BM45,NA,NA,NA,NA,NA,16,5/24/2024,5/17/2024,1/30/2025,3/11/2025,bc536,0.305,17.2,Michigan,MI,Ingham,42.693741,-84.486578,Bulk_Soil,Wheat,Soybean,Conventional,,,,,,,,
150,BM46,NA,NA,NA,NA,NA,16,5/24/2024,5/17/2024,1/30/2025,3/11/2025,bc537,0.228,10.1,Michigan,MI,Ingham,42.693741,-84.486578,Bulk_Soil,Wheat,Soybean,Conventional,,,,,,,,
151,PB11,NA,NA,NA,NA,NA,0,5/30/2024,5/23/2024,1/30/2025,3/11/2025,bc538,0.168,25,Pennsylvania,PA,Centre,40.716083,-77.939139,Bulk_Soil,,,,,,,,,,,
152,PB12,NA,NA,NA,NA,NA,0,5/30/2024,5/23/2024,1/30/2025,3/11/2025,bc539,0.17,16.5,Pennsylvania,PA,Centre,40.716083,-77.939139,Bulk_Soil,,,,,,,,,,,
153,PB13,NA,NA,NA,NA,NA,0,5/30/2024,5/23/2024,1/30/2025,3/11/2025,bc540,0.197,19.1,Pennsylvania,PA,Centre,40.716083,-77.939139,Bulk_Soil,,,,,,,,,,,
154,PB14,NA,NA,NA,NA,NA,0,5/30/2024,5/23/2024,1/30/2025,3/11/2025,bc541,0.206,23,Pennsylvania,PA,Centre,40.716083,-77.939139,Bulk_Soil,,,,,,,,,,,
155,PB15,NA,NA,NA,NA,NA,0,5/30/2024,5/23/2024,1/30/2025,3/11/2025,bc542,0.146,12.2,Pennsylvania,PA,Centre,40.716083,-77.939139,Bulk_Soil,,,,,,,,,,,
156,PB16,NA,NA,NA,NA,NA,0,5/30/2024,5/23/2024,1/30/2025,3/11/2025,bc543,0.16,16.5,Pennsylvania,PA,Centre,40.716083,-77.939139,Bulk_Soil,,,,,,,,,,,
157,PB21,NA,NA,NA,NA,NA,8,5/30/2024,5/23/2024,1/30/2025,3/11/2025,bc544,0.157,12.9,Pennsylvania,PA,Centre,40.716083,-77.939139,Bulk_Soil,,,,,,,,,,,
158,PB22,NA,NA,NA,NA,NA,8,5/30/2024,5/23/2024,1/30/2025,3/11/2025,bc545,0.21,31.6,Pennsylvania,PA,Centre,40.716083,-77.939139,Bulk_Soil,,,,,,,,,,,
159,PB23,NA,NA,NA,NA,NA,8,5/30/2024,5/23/2024,1/30/2025,3/11/2025,bc546,0.263,19.3,Pennsylvania,PA,Centre,40.716083,-77.939139,Bulk_Soil,,,,,,,,,,,
160,PB24,NA,NA,NA,NA,NA,8,5/30/2024,5/23/2024,1/30/2025,3/11/2025,bc547,0.174,17.6,Pennsylvania,PA,Centre,40.716083,-77.939139,Bulk_Soil,,,,,,,,,,,
161,PB25,NA,NA,NA,NA,NA,8,5/30/2024,5/23/2024,1/30/2025,3/11/2025,bc548,0.11,16.3,Pennsylvania,PA,Centre,40.716083,-77.939139,Bulk_Soil,,,,,,,,,,,
162,PB26,NA,NA,NA,NA,NA,8,5/30/2024,5/23/2024,1/30/2025,3/11/2025,bc549,0.226,23.4,Pennsylvania,PA,Centre,40.716083,-77.939139,Bulk_Soil,,,,,,,,,,,
163,PB31,NA,NA,NA,NA,NA,12,5/30/2024,5/23/2024,1/30/2025,3/11/2025,bc550,0.176,18.5,Pennsylvania,PA,Centre,40.716083,-77.939139,Bulk_Soil,,,,,,,,,,,
164,PB32,NA,NA,NA,NA,NA,12,5/30/2024,5/23/2024,1/30/2025,3/11/2025,bc551,0.242,37.8,Pennsylvania,PA,Centre,40.716083,-77.939139,Bulk_Soil,,,,,,,,,,,
165,PB33,NA,NA,NA,NA,NA,12,5/30/2024,5/23/2024,1/30/2025,3/11/2025,bc552,0.189,16.3,Pennsylvania,PA,Centre,40.716083,-77.939139,Bulk_Soil,,,,,,,,,,,
166,PB34,NA,NA,NA,NA,NA,12,5/30/2024,5/23/2024,1/30/2025,3/11/2025,bc553,0.194,13.5,Pennsylvania,PA,Centre,40.716083,-77.939139,Bulk_Soil,,,,,,,,,,,
167,PB35,NA,NA,NA,NA,NA,12,5/30/2024,5/23/2024,1/30/2025,3/11/2025,bc554,0.17,15.6,Pennsylvania,PA,Centre,40.716083,-77.939139,Bulk_Soil,,,,,,,,,,,
168,NC07,NA,NA,NA,NA,NA,NA,8/5/2024,NA,1/30/2025,3/11/2025,bc555,NA,too low,NA,NA,NA,NA,NA,Extraction_Control,NA,NA,NA,,,,,,,,
169,PB36,NA,NA,NA,NA,NA,12,5/30/2024,5/23/2024,1/30/2025,3/11/2025,bc556,0.276,16.1,Pennsylvania,PA,Centre,40.716083,-77.939139,Bulk_Soil,,,,,,,,,,,
170,PB41,NA,NA,NA,NA,NA,16,5/30/2024,5/23/2024,1/30/2025,3/11/2025,bc557,0.176,17.8,Pennsylvania,PA,Centre,40.716083,-77.939139,Bulk_Soil,,,,,,,,,,,
171,PB42,NA,NA,NA,NA,NA,16,5/30/2024,5/23/2024,1/30/2025,3/11/2025,bc558,0.189,25.2,Pennsylvania,PA,Centre,40.716083,-77.939139,Bulk_Soil,,,,,,,,,,,
172,PB43,NA,NA,NA,NA,NA,16,5/30/2024,5/23/2024,1/30/2025,3/11/2025,bc559,0.234,30,Pennsylvania,PA,Centre,40.716083,-77.939139,Bulk_Soil,,,,,,,,,,,
173,PB44,NA,NA,NA,NA,NA,16,5/30/2024,5/23/2024,1/30/2025,3/11/2025,bc560,0.27,24.4,Pennsylvania,PA,Centre,40.716083,-77.939139,Bulk_Soil,,,,,,,,,,,
174,PB45,NA,NA,NA,NA,NA,16,5/30/2024,5/23/2024,1/30/2025,3/11/2025,bc561,0.25,35.2,Pennsylvania,PA,Centre,40.716083,-77.939139,Bulk_Soil,,,,,,,,,,,
175,PB46,NA,NA,NA,NA,NA,16,5/30/2024,5/23/2024,1/30/2025,3/11/2025,bc562,0.161,19.7,Pennsylvania,PA,Centre,40.716083,-77.939139,Bulk_Soil,,,,,,,,,,,
176,RB11,NA,NA,NA,NA,NA,0,7/19/2024,7/17/2024,1/30/2025,3/11/2025,bc563,0.224,24.4,Arkansas,AR,Madison,33.804222,-91.271333,Bulk_Soil,,,,,,,,,,,
177,RB12,NA,NA,NA,NA,NA,0,7/19/2024,7/17/2024,1/30/2025,3/11/2025,bc564,0.18,8.4,Arkansas,AR,Madison,33.804222,-91.271333,Bulk_Soil,,,,,,,,,,,
178,RB13,NA,NA,NA,NA,NA,0,7/19/2024,7/17/2024,1/30/2025,3/11/2025,bc565,0.207,7.82,Arkansas,AR,Madison,33.804222,-91.271333,Bulk_Soil,,,,,,,,,,,
179,RB14,NA,NA,NA,NA,NA,0,7/19/2024,7/17/2024,1/30/2025,3/11/2025,bc566,0.149,10.1,Arkansas,AR,Madison,33.804222,-91.271333,Bulk_Soil,,,,,,,,,,,
180,RB15,NA,NA,NA,NA,NA,0,7/19/2024,7/17/2024,1/30/2025,3/11/2025,bc567,0.32,18,Arkansas,AR,Madison,33.804222,-91.271333,Bulk_Soil,,,,,,,,,,,
181,RB16,NA,NA,NA,NA,NA,0,7/19/2024,7/17/2024,1/31/2025,3/11/2025,bc568,0.205,13.9,Arkansas,AR,Madison,33.804222,-91.271333,Bulk_Soil,,,,,,,,,,,
182,RB21,NA,NA,NA,NA,NA,8,7/19/2024,7/17/2024,1/31/2025,3/11/2025,bc569,0.239,13.3,Arkansas,AR,Madison,33.804222,-91.271333,Bulk_Soil,,,,,,,,,,,
183,RB22,NA,NA,NA,NA,NA,8,7/19/2024,7/17/2024,1/31/2025,3/11/2025,bc570,0.256,13.3,Arkansas,AR,Madison,33.804222,-91.271333,Bulk_Soil,,,,,,,,,,,
184,RB23,NA,NA,NA,NA,NA,8,7/19/2024,7/17/2024,1/31/2025,3/11/2025,bc571,0.232,19.6,Arkansas,AR,Madison,33.804222,-91.271333,Bulk_Soil,,,,,,,,,,,
185,RB24,NA,NA,NA,NA,NA,8,7/19/2024,7/17/2024,1/31/2025,3/11/2025,bc572,0.246,17.5,Arkansas,AR,Madison,33.804222,-91.271333,Bulk_Soil,,,,,,,,,,,
186,RB25,NA,NA,NA,NA,NA,8,7/19/2024,7/17/2024,1/31/2025,3/11/2025,bc573,0.287,13.7,Arkansas,AR,Madison,33.804222,-91.271333,Bulk_Soil,,,,,,,,,,,
187,RB26,NA,NA,NA,NA,NA,8,7/19/2024,7/17/2024,1/31/2025,3/11/2025,bc577,0.299,10.9,Arkansas,AR,Madison,33.804222,-91.271333,Bulk_Soil,,,,,,,,,,,
188,RB31,NA,NA,NA,NA,NA,12,7/19/2024,7/17/2024,1/31/2025,3/11/2025,bc578,0.32,14.4,Arkansas,AR,Madison,33.804222,-91.271333,Bulk_Soil,,,,,,,,,,,
189,RB32,NA,NA,NA,NA,NA,12,7/19/2024,7/17/2024,1/31/2025,3/11/2025,bc579,0.293,10.3,Arkansas,AR,Madison,33.804222,-91.271333,Bulk_Soil,,,,,,,,,,,
190,RB33,NA,NA,NA,NA,NA,12,7/19/2024,7/17/2024,1/31/2025,3/11/2025,bc580,0.28,12,Arkansas,AR,Madison,33.804222,-91.271333,Bulk_Soil,,,,,,,,,,,
191,RB34,NA,NA,NA,NA,NA,12,7/19/2024,7/17/2024,1/31/2025,3/11/2025,bc581,0.316,13.4,Arkansas,AR,Madison,33.804222,-91.271333,Bulk_Soil,,,,,,,,,,,
192,NC08,NA,NA,NA,NA,NA,NA,8/5/2024,NA,1/31/2025,3/11/2025,bc582,NA,too low,NA,NA,NA,NA,NA,Extraction_Control,NA,NA,NA,,,,,,,,
193,RB35,NA,NA,NA,NA,NA,12,7/19/2024,7/17/2024,1/31/2025,3/11/2025,bc583,0.151,6.54,Arkansas,AR,Madison,33.804222,-91.271333,Bulk_Soil,,,,,,,,,,,
194,RB36,NA,NA,NA,NA,NA,12,7/19/2024,7/17/2024,1/31/2025,3/11/2025,bc584,0.141,2.52,Arkansas,AR,Madison,33.804222,-91.271333,Bulk_Soil,,,,,,,,,,,
195,RB41,NA,NA,NA,NA,NA,16,7/19/2024,7/17/2024,1/31/2025,3/11/2025,bc585,0.212,7.44,Arkansas,AR,Madison,33.804222,-91.271333,Bulk_Soil,,,,,,,,,,,
196,RB42,NA,NA,NA,NA,NA,16,7/19/2024,7/17/2024,1/31/2025,3/11/2025,bc586,0.196,7.62,Arkansas,AR,Madison,33.804222,-91.271333,Bulk_Soil,,,,,,,,,,,
197,RB43,NA,NA,NA,NA,NA,16,7/19/2024,7/17/2024,1/31/2025,3/11/2025,bc587,0.302,10.7,Arkansas,AR,Madison,33.804222,-91.271333,Bulk_Soil,,,,,,,,,,,
198,RB44,NA,NA,NA,NA,NA,16,7/19/2024,7/17/2024,1/31/2025,3/11/2025,bc588,0.237,9.68,Arkansas,AR,Madison,33.804222,-91.271333,Bulk_Soil,,,,,,,,,,,
199,RB45,NA,NA,NA,NA,NA,16,7/19/2024,7/17/2024,1/31/2025,3/12/2025,bc42,0.182,20,Arkansas,AR,Madison,33.804222,-91.271333,Bulk_Soil,,,,,,,,,,,
200,RB46,NA,NA,NA,NA,NA,16,7/19/2024,7/17/2024,1/31/2025,3/11/2025,bc590,0.195,20,Arkansas,AR,Madison,33.804222,-91.271333,Bulk_Soil,,,,,,,,,,,
201,A11,0.2157,0.2157,0,0,,0,4/3/2024,4/3/2024,1/31/2025,3/12/2025,bc43,0.121,too low,Autoclaved_Potting_Soil,Control,NA,NA,NA,Spermosphere,Control,Control,Control,,,,,,,,
202,A12,0.1736,0.1736,0,0,,0,4/3/2024,4/3/2024,1/31/2025,3/12/2025,bc44,0.14,too low,Autoclaved_Potting_Soil,Control,NA,NA,NA,Spermosphere,Control,Control,Control,,,,,,,,
203,A13,0.1892,0.1892,0,0,,0,4/3/2024,4/3/2024,1/31/2025,3/12/2025,bc45,0.193,too low,Autoclaved_Potting_Soil,Control,NA,NA,NA,Spermosphere,Control,Control,Control,,,,,,,,
204,A14,0.1702,0.1702,0,0,,0,4/3/2024,4/3/2024,1/31/2025,3/12/2025,bc46,0.219,too low,Autoclaved_Potting_Soil,Control,NA,NA,NA,Spermosphere,Control,Control,Control,,,,,,,,
205,A15,0.1936,0.1936,0,0,,0,4/3/2024,4/3/2024,1/31/2025,3/12/2025,bc47,0.11,too low,Autoclaved_Potting_Soil,Control,NA,NA,NA,Spermosphere,Control,Control,Control,,,,,,,,
206,A16,0.1709,0.1709,0,0,,0,4/3/2024,4/3/2024,1/31/2025,3/12/2025,bc48,0.299,too low,Autoclaved_Potting_Soil,Control,NA,NA,NA,Spermosphere,Control,Control,Control,,,,,,,,
207,A21,0.1954,0.3766,0.1812,0,,8,4/3/2024,4/3/2024,1/31/2025,3/11/2025,bc597,0.221,too low,Autoclaved_Potting_Soil,Control,NA,NA,NA,Spermosphere,Control,Control,Control,,,,,,,,
208,A22,0.1784,0.3629,0.1845,0,,8,4/3/2024,4/3/2024,1/31/2025,3/12/2025,bc49,0.298,too low,Autoclaved_Potting_Soil,Control,NA,NA,NA,Spermosphere,Control,Control,Control,,,,,,,,
209,A23,0.1561,0.3567,0.2006,0,,8,4/3/2024,4/3/2024,1/31/2025,3/12/2025,bc50,0.282,too low,Autoclaved_Potting_Soil,Control,NA,NA,NA,Spermosphere,Control,Control,Control,,,,,,,,
210,A24,0.1269,0.3547,0.2278,0,,8,4/3/2024,4/3/2024,1/31/2025,3/11/2025,bc600,0.126,0.326,Autoclaved_Potting_Soil,Control,NA,NA,NA,Spermosphere,Control,Control,Control,,,,,,,,
211,A25,0.1586,0.265,0.1064,0,,8,4/3/2024,4/3/2024,1/31/2025,3/11/2025,bc601,0.218,too low,Autoclaved_Potting_Soil,Control,NA,NA,NA,Spermosphere,Control,Control,Control,,,,,,,,
212,A26,0.164,0.2853,0.1213,0,,8,4/3/2024,4/3/2024,1/31/2025,3/12/2025,bc51,0.149,too low,Autoclaved_Potting_Soil,Control,NA,NA,NA,Spermosphere,Control,Control,Control,,,,,,,,
213,A31,0.1662,0.305,0.1388,0,,12,4/3/2024,4/3/2024,1/31/2025,3/11/2025,bc603,0.172,0.37,Autoclaved_Potting_Soil,Control,NA,NA,NA,Spermosphere,Control,Control,Control,,,,,,,,
214,A32,0.1801,0.3777,0.1976,0,,12,4/3/2024,4/3/2024,1/31/2025,3/11/2025,bc604,0.145,too low,Autoclaved_Potting_Soil,Control,NA,NA,NA,Spermosphere,Control,Control,Control,,,,,,,,
215,A33,0.1857,0.3699,0.1842,0,,12,4/3/2024,4/3/2024,1/31/2025,3/11/2025,bc605,0.0336,0.172,Autoclaved_Potting_Soil,Control,NA,NA,NA,Spermosphere,Control,Control,Control,,,,,,,,
216,NC09,NA,NA,NA,NA,NA,NA,8/5/2024,NA,1/31/2025,3/11/2025,bc606,NA,too low,NA,NA,NA,NA,NA,Extraction_Control,NA,NA,NA,,,,,,,,
217,A34,0.1813,0.3711,0.1898,0,,12,4/3/2024,4/3/2024,1/31/2025,3/11/2025,bc607,0.208,too low,Autoclaved_Potting_Soil,Control,NA,NA,NA,Spermosphere,Control,Control,Control,,,,,,,,
218,A35,0.2202,0.5491,0.3289,0,,12,4/3/2024,4/3/2024,1/31/2025,3/12/2025,bc52,0.17,too low,Autoclaved_Potting_Soil,Control,NA,NA,NA,Spermosphere,Control,Control,Control,,,,,,,,
219,A36,0.1588,0.3968,0.238,0,,12,4/3/2024,4/3/2024,1/31/2025,3/11/2025,bc609,0.204,too low,Autoclaved_Potting_Soil,Control,NA,NA,NA,Spermosphere,Control,Control,Control,,,,,,,,
220,A41,0.1614,0.3355,0.1741,0,,16,4/3/2024,4/3/2024,1/31/2025,3/11/2025,bc610,0.108,too low,Autoclaved_Potting_Soil,Control,NA,NA,NA,Spermosphere,Control,Control,Control,,,,,,,,
221,A42,0.1891,0.3886,0.1995,0,,16,4/3/2024,4/3/2024,1/31/2025,3/11/2025,bc611,0.0331,too low,Autoclaved_Potting_Soil,Control,NA,NA,NA,Spermosphere,Control,Control,Control,,,,,,,,
222,A43,0.1872,0.4091,0.2219,0,,16,4/3/2024,4/3/2024,1/31/2025,3/11/2025,bc612,0.138,too low,Autoclaved_Potting_Soil,Control,NA,NA,NA,Spermosphere,Control,Control,Control,,,,,,,,
223,A44,0.1925,0.4164,0.2239,0,,16,4/3/2024,4/3/2024,1/31/2025,3/11/2025,bc613,0.155,0.182,Autoclaved_Potting_Soil,Control,NA,NA,NA,Spermosphere,Control,Control,Control,,,,,,,,
224,A45,0.1646,0.365,0.2004,0,,16,4/3/2024,4/3/2024,1/31/2025,3/11/2025,bc614,0.195,too low,Autoclaved_Potting_Soil,Control,NA,NA,NA,Spermosphere,Control,Control,Control,,,,,,,,
225,A46,0.1429,0.3249,0.182,0,,16,4/3/2024,4/3/2024,1/31/2025,3/11/2025,bc615,0.206,too low,Autoclaved_Potting_Soil,Control,NA,NA,NA,Spermosphere,Control,Control,Control,,,,,,,,
226,W11,0.1886,0.21,0.0214,0,,0,5/1/2024,4/29/2024,1/31/2025,3/11/2025,bc616,0.291,12.8,Wiregrass_EC,AL,Henry,31.3601954,-85.3218948,Spermosphere,Soybean,Corn,Conventional,,,,,,,,
227,W12,0.1551,0.1937,0.0386,0,,0,5/1/2024,4/29/2024,1/31/2025,3/11/2025,bc617,0.161,7.92,Wiregrass_EC,AL,Henry,31.3601954,-85.3218948,Spermosphere,Soybean,Corn,Conventional,,,,,,,,
228,W13,0.1662,0.1883,0.0221,0,,0,5/1/2024,4/29/2024,1/31/2025,3/11/2025,bc618,0.245,8.6,Wiregrass_EC,AL,Henry,31.3601954,-85.3218948,Spermosphere,Soybean,Corn,Conventional,,,,,,,,
229,W14,0.1679,0.195,0.0271,0,,0,5/1/2024,4/29/2024,1/31/2025,3/11/2025,bc619,0.156,6.02,Wiregrass_EC,AL,Henry,31.3601954,-85.3218948,Spermosphere,Soybean,Corn,Conventional,,,,,,,,
230,W15,0.1815,0.2119,0.0304,0,,0,5/1/2024,4/29/2024,1/31/2025,3/11/2025,bc620,0.318,12.5,Wiregrass_EC,AL,Henry,31.3601954,-85.3218948,Spermosphere,Soybean,Corn,Conventional,,,,,,,,
231,W16,0.2138,0.2437,0.0299,0,,0,5/1/2024,4/29/2024,1/31/2025,3/11/2025,bc621,0.319,6.86,Wiregrass_EC,AL,Henry,31.3601954,-85.3218948,Spermosphere,Soybean,Corn,Conventional,,,,,,,,
232,W21,0.1838,0.3168,0.133,0,,8,5/1/2024,4/29/2024,1/31/2025,3/11/2025,bc622,0.266,5.98,Wiregrass_EC,AL,Henry,31.3601954,-85.3218948,Spermosphere,Soybean,Corn,Conventional,,,,,,,,
233,W22,0.2041,0.3762,0.1721,0,,8,5/1/2024,4/29/2024,1/31/2025,3/11/2025,bc623,0.161,4.94,Wiregrass_EC,AL,Henry,31.3601954,-85.3218948,Spermosphere,Soybean,Corn,Conventional,,,,,,,,
234,W23,0.2003,0.353,0.1527,0,,8,5/1/2024,4/29/2024,1/31/2025,3/11/2025,bc624,0.191,5.08,Wiregrass_EC,AL,Henry,31.3601954,-85.3218948,Spermosphere,Soybean,Corn,Conventional,,,,,,,,
235,W24,0.1866,0.3294,0.1428,0,,8,5/1/2024,4/29/2024,1/31/2025,3/11/2025,bc625,0.156,4.06,Wiregrass_EC,AL,Henry,31.3601954,-85.3218948,Spermosphere,Soybean,Corn,Conventional,,,,,,,,
236,W25,0.2116,0.3504,0.1388,0,,8,5/1/2024,4/29/2024,1/31/2025,3/11/2025,bc626,0.314,7.34,Wiregrass_EC,AL,Henry,31.3601954,-85.3218948,Spermosphere,Soybean,Corn,Conventional,,,,,,,,
237,W26,0.1687,0.314,0.1453,0,,8,5/1/2024,4/29/2024,1/31/2025,3/11/2025,bc627,0.272,6.36,Wiregrass_EC,AL,Henry,31.3601954,-85.3218948,Spermosphere,Soybean,Corn,Conventional,,,,,,,,
238,W31,0.1661,0.3507,0.1846,0,,12,5/1/2024,4/29/2024,1/31/2025,3/11/2025,bc628,0.178,3.5,Wiregrass_EC,AL,Henry,31.3601954,-85.3218948,Spermosphere,Soybean,Corn,Conventional,,,,,,,,
239,W32,0.1838,0.3948,0.211,0,,12,5/1/2024,4/29/2024,1/31/2025,3/11/2025,bc35,0.147,15.4,Wiregrass_EC,AL,Henry,31.3601954,-85.3218948,Spermosphere,Soybean,Corn,Conventional,,,,,,,,
240,NC10,NA,NA,NA,NA,NA,NA,8/5/2024,NA,1/31/2025,3/11/2025,bc630,NA,too low,NA,NA,NA,NA,NA,Extraction_Control,NA,NA,NA,,,,,,,,
241,W33,0.1602,0.3499,0.1897,0,,12,5/1/2024,4/29/2024,2/12/2025,3/11/2025,bc631,0.245,4.4,Wiregrass_EC,AL,Henry,31.3601954,-85.3218948,Spermosphere,Soybean,Corn,Conventional,,,,,,,,
242,W34,0.199,0.4135,0.2145,0,,12,5/1/2024,4/29/2024,2/12/2025,3/11/2025,bc632,0.273,6.78,Wiregrass_EC,AL,Henry,31.3601954,-85.3218948,Spermosphere,Soybean,Corn,Conventional,,,,,,,,
243,W35,0.1499,0.3182,0.1683,0,,12,5/1/2024,4/29/2024,2/12/2025,3/11/2025,bc633,0.283,9.28,Wiregrass_EC,AL,Henry,31.3601954,-85.3218948,Spermosphere,Soybean,Corn,Conventional,,,,,,,,
244,W36,0.1735,0.3508,0.1773,0,,12,5/1/2024,4/29/2024,2/12/2025,3/11/2025,bc634,0.212,7.82,Wiregrass_EC,AL,Henry,31.3601954,-85.3218948,Spermosphere,Soybean,Corn,Conventional,,,,,,,,
245,W41,0.1568,0.3566,0.1998,0,,16,5/1/2024,4/29/2024,2/12/2025,3/11/2025,bc635,0.294,6.14,Wiregrass_EC,AL,Henry,31.3601954,-85.3218948,Spermosphere,Soybean,Corn,Conventional,,,,,,,,
246,W42,0.1905,0.3858,0.1953,0,,16,5/1/2024,4/29/2024,2/12/2025,3/11/2025,bc636,0.266,7.14,Wiregrass_EC,AL,Henry,31.3601954,-85.3218948,Spermosphere,Soybean,Corn,Conventional,,,,,,,,
247,W43,0.1763,0.3861,0.2098,1,,16,5/1/2024,4/29/2024,2/12/2025,3/11/2025,bc637,0.18,5.5,Wiregrass_EC,AL,Henry,31.3601954,-85.3218948,Spermosphere,Soybean,Corn,Conventional,,,,,,,,
248,W44,0.1775,0.4023,0.2248,0,,16,5/1/2024,4/29/2024,2/12/2025,3/11/2025,bc638,0.217,5.82,Wiregrass_EC,AL,Henry,31.3601954,-85.3218948,Spermosphere,Soybean,Corn,Conventional,,,,,,,,
249,W45,0.1683,0.3424,0.1741,1,,16,5/1/2024,4/29/2024,2/12/2025,3/11/2025,bc639,0.296,9.42,Wiregrass_EC,AL,Henry,31.3601954,-85.3218948,Spermosphere,Soybean,Corn,Conventional,,,,,,,,
250,W46,0.1816,0.4049,0.2233,0,,16,5/1/2024,4/29/2024,2/12/2025,3/11/2025,bc640,0.284,11.7,Wiregrass_EC,AL,Henry,31.3601954,-85.3218948,Spermosphere,Soybean,Corn,Conventional,,,,,,,,
251,E11,0.1551,0.1855,0.0304,0,,0,5/1/2024,4/29/2024,2/12/2025,3/11/2025,bc641,0.223,13.7,EVSmith_EC,AL,Macon,32.42789,-85.89018,Spermosphere,Wheat,Soybean,Covercrop_NoTill,,,,,,,,
252,E12,0.1708,0.204,0.0332,0,,0,5/1/2024,4/29/2024,2/12/2025,3/11/2025,bc642,0.18,10.5,EVSmith_EC,AL,Macon,32.42789,-85.89018,Spermosphere,Wheat,Soybean,Covercrop_NoTill,,,,,,,,
253,E13,0.1456,0.172,0.0264,0,,0,5/1/2024,4/29/2024,2/12/2025,3/11/2025,bc643,0.262,19,EVSmith_EC,AL,Macon,32.42789,-85.89018,Spermosphere,Wheat,Soybean,Covercrop_NoTill,,,,,,,,
254,E14,0.2307,0.2781,0.0474,0,,0,5/1/2024,4/29/2024,2/12/2025,3/11/2025,bc644,0.298,19.9,EVSmith_EC,AL,Macon,32.42789,-85.89018,Spermosphere,Wheat,Soybean,Covercrop_NoTill,,,,,,,,
255,E15,0.2119,0.2509,0.039,0,,0,5/1/2024,4/29/2024,2/12/2025,3/11/2025,bc645,0.167,10.8,EVSmith_EC,AL,Macon,32.42789,-85.89018,Spermosphere,Wheat,Soybean,Covercrop_NoTill,,,,,,,,
256,E16,0.1753,0.2123,0.037,0,,0,5/1/2024,4/29/2024,2/12/2025,3/11/2025,bc646,0.171,8.36,EVSmith_EC,AL,Macon,32.42789,-85.89018,Spermosphere,Wheat,Soybean,Covercrop_NoTill,,,,,,,,
257,E21,0.1736,0.3572,0.1836,0,,8,5/1/2024,4/29/2024,2/12/2025,3/11/2025,bc647,0.172,12,EVSmith_EC,AL,Macon,32.42789,-85.89018,Spermosphere,Wheat,Soybean,Covercrop_NoTill,,,,,,,,
258,E22,0.1768,0.3554,0.1786,0,,8,5/1/2024,4/29/2024,2/12/2025,3/11/2025,bc648,0.296,16.2,EVSmith_EC,AL,Macon,32.42789,-85.89018,Spermosphere,Wheat,Soybean,Covercrop_NoTill,,,,,,,,
259,E23,0.2099,0.408,0.1981,0,,8,5/1/2024,4/29/2024,2/12/2025,3/11/2025,bc649,0.305,11.7,EVSmith_EC,AL,Macon,32.42789,-85.89018,Spermosphere,Wheat,Soybean,Covercrop_NoTill,,,,,,,,
260,E24,0.1831,0.3505,0.1674,0,,8,5/1/2024,4/29/2024,2/12/2025,3/11/2025,bc650,0.155,8.4,EVSmith_EC,AL,Macon,32.42789,-85.89018,Spermosphere,Wheat,Soybean,Covercrop_NoTill,,,,,,,,
261,E25,0.2068,0.3748,0.168,0,,8,5/1/2024,4/29/2024,2/12/2025,3/11/2025,bc651,0.266,15,EVSmith_EC,AL,Macon,32.42789,-85.89018,Spermosphere,Wheat,Soybean,Covercrop_NoTill,,,,,,,,
262,E26,0.1361,0.2767,0.1406,0,,8,5/1/2024,4/29/2024,2/12/2025,3/11/2025,bc652,0.219,15.3,EVSmith_EC,AL,Macon,32.42789,-85.89018,Spermosphere,Wheat,Soybean,Covercrop_NoTill,,,,,,,,
263,E31,0.1935,0.4212,0.2277,0,,12,5/1/2024,4/29/2024,2/12/2025,3/11/2025,bc653,0.226,12,EVSmith_EC,AL,Macon,32.42789,-85.89018,Spermosphere,Wheat,Soybean,Covercrop_NoTill,,,,,,,,
264,NC11,NA,NA,NA,NA,NA,NA,8/5/2024,NA,2/12/2025,3/11/2025,bc654,NA,NA,NA,NA,NA,NA,NA,Extraction_Control,NA,NA,NA,,,,,,,,
265,E32,0.163,0.3642,0.2012,0,,12,5/1/2024,4/29/2024,2/12/2025,3/11/2025,bc655,0.247,14.1,EVSmith_EC,AL,Macon,32.42789,-85.89018,Spermosphere,Wheat,Soybean,Covercrop_NoTill,,,,,,,,
266,E33,0.1766,0.3855,0.2089,0,,12,5/1/2024,4/29/2024,2/12/2025,3/11/2025,bc656,0.243,16,EVSmith_EC,AL,Macon,32.42789,-85.89018,Spermosphere,Wheat,Soybean,Covercrop_NoTill,,,,,,,,
267,E34,0.1557,0.3415,0.1858,0,,12,5/1/2024,4/29/2024,2/12/2025,3/11/2025,bc657,0.228,11.5,EVSmith_EC,AL,Macon,32.42789,-85.89018,Spermosphere,Wheat,Soybean,Covercrop_NoTill,,,,,,,,
268,E35,0.1518,0.3208,0.169,0,,12,5/1/2024,4/29/2024,2/12/2025,3/11/2025,bc658,0.202,8.72,EVSmith_EC,AL,Macon,32.42789,-85.89018,Spermosphere,Wheat,Soybean,Covercrop_NoTill,,,,,,,,
269,E36,0.1663,0.3673,0.201,0,,12,5/1/2024,4/29/2024,2/12/2025,3/11/2025,bc659,0.288,20.6,EVSmith_EC,AL,Macon,32.42789,-85.89018,Spermosphere,Wheat,Soybean,Covercrop_NoTill,,,,,,,,
270,E41,0.181,0.4289,0.2479,0,,16,5/1/2024,4/29/2024,2/12/2025,3/11/2025,bc660,0.205,20.4,EVSmith_EC,AL,Macon,32.42789,-85.89018,Spermosphere,Wheat,Soybean,Covercrop_NoTill,,,,,,,,
271,E42,0.1713,0.3929,0.2216,1,,16,5/1/2024,4/29/2024,2/14/2025,3/11/2025,bc661,0.303,17.6,EVSmith_EC,AL,Macon,32.42789,-85.89018,Spermosphere,Wheat,Soybean,Covercrop_NoTill,,,,,,,,
272,E43,0.2035,0.4584,0.2549,1,,16,5/1/2024,4/29/2024,2/14/2025,3/11/2025,bc662,0.251,14.6,EVSmith_EC,AL,Macon,32.42789,-85.89018,Spermosphere,Wheat,Soybean,Covercrop_NoTill,,,,,,,,
273,E44,0.1823,0.4087,0.2264,1,,16,5/1/2024,4/29/2024,2/14/2025,3/11/2025,bc663,0.303,17.5,EVSmith_EC,AL,Macon,32.42789,-85.89018,Spermosphere,Wheat,Soybean,Covercrop_NoTill,,,,,,,,
274,E45,0.198,0.4056,0.2076,1,,16,5/1/2024,4/29/2024,2/14/2025,3/11/2025,bc664,0.251,16.7,EVSmith_EC,AL,Macon,32.42789,-85.89018,Spermosphere,Wheat,Soybean,Covercrop_NoTill,,,,,,,,
275,E46,0.1576,0.3738,0.2162,0,,16,5/1/2024,4/29/2024,2/14/2025,3/11/2025,bc665,0.28,19,EVSmith_EC,AL,Macon,32.42789,-85.89018,Spermosphere,Wheat,Soybean,Covercrop_NoTill,,,,,,,,
276,T11,0.2156,0.2156,0,0,,0,5/30/2024,5/24/2024,2/14/2025,3/11/2025,bc666,0.23,7.02,TVRec_EC,AL,Madison,34.6888243,-86.8862105,Spermosphere,Corn,Soybean,Conventional,,,,,,,,
277,T12,0.1839,0.1839,0,0,,0,5/30/2024,5/24/2024,2/14/2025,3/11/2025,bc667,0.27,8.5,TVRec_EC,AL,Madison,34.6888243,-86.8862105,Spermosphere,Corn,Soybean,Conventional,,,,,,,,
278,T13,0.1737,0.1737,0,0,,0,5/30/2024,5/24/2024,2/14/2025,3/11/2025,bc668,0.218,10.9,TVRec_EC,AL,Madison,34.6888243,-86.8862105,Spermosphere,Corn,Soybean,Conventional,,,,,,,,
279,T14,0.1954,0.1954,0,0,,0,5/30/2024,5/24/2024,2/14/2025,3/11/2025,bc669,0.221,7.9,TVRec_EC,AL,Madison,34.6888243,-86.8862105,Spermosphere,Corn,Soybean,Conventional,,,,,,,,
280,T15,0.177,0.177,0,0,,0,5/30/2024,5/24/2024,2/14/2025,3/11/2025,bc673,0.177,9.12,TVRec_EC,AL,Madison,34.6888243,-86.8862105,Spermosphere,Corn,Soybean,Conventional,,,,,,,,
281,T16,0.1579,0.1579,0,0,,0,5/30/2024,5/24/2024,2/14/2025,3/11/2025,bc674,0.287,10.4,TVRec_EC,AL,Madison,34.6888243,-86.8862105,Spermosphere,Corn,Soybean,Conventional,,,,,,,,
282,T21,0.1607,0.2785,0.1178,0,,8,5/30/2024,5/24/2024,2/14/2025,3/11/2025,bc675,0.218,10.6,TVRec_EC,AL,Madison,34.6888243,-86.8862105,Spermosphere,Corn,Soybean,Conventional,,,,,,,,
283,T22,0.2052,0.4303,0.2251,0,,8,5/30/2024,5/24/2024,2/14/2025,3/11/2025,bc676,0.208,4.26,TVRec_EC,AL,Madison,34.6888243,-86.8862105,Spermosphere,Corn,Soybean,Conventional,,,,,,,,
284,T23,0.2102,0.4109,0.2007,0,,8,5/30/2024,5/24/2024,2/14/2025,3/11/2025,bc677,0.239,9.08,TVRec_EC,AL,Madison,34.6888243,-86.8862105,Spermosphere,Corn,Soybean,Conventional,,,,,,,,
285,T24,0.1788,0.3729,0.1941,0,,8,5/30/2024,5/24/2024,2/14/2025,3/11/2025,bc678,0.206,6.2,TVRec_EC,AL,Madison,34.6888243,-86.8862105,Spermosphere,Corn,Soybean,Conventional,,,,,,,,
286,T25,0.182,0.3805,0.1985,0,,8,5/30/2024,5/24/2024,2/14/2025,3/11/2025,bc679,0.165,9.12,TVRec_EC,AL,Madison,34.6888243,-86.8862105,Spermosphere,Corn,Soybean,Conventional,,,,,,,,
287,T26,0.2073,0.4774,0.2701,0,,8,5/30/2024,5/24/2024,2/14/2025,3/11/2025,bc680,0.265,9.08,TVRec_EC,AL,Madison,34.6888243,-86.8862105,Spermosphere,Corn,Soybean,Conventional,,,,,,,,
288,NC12,NA,NA,NA,NA,NA,NA,8/5/2024,NA,2/14/2025,3/12/2025,bc53,NA,NA,NA,NA,NA,NA,NA,Extraction_Control,NA,NA,NA,,,,,,,,
289,T31,0.165,0.2558,0.0908,0,,12,5/30/2024,5/24/2024,2/14/2025,3/12/2025,bc54,0.163,5.68,TVRec_EC,AL,Madison,34.6888243,-86.8862105,Spermosphere,Corn,Soybean,Conventional,,,,,,,,
290,T32,0.1922,0.3364,0.1442,0,,12,5/30/2024,5/24/2024,2/14/2025,3/12/2025,bc55,0.16,9.44,TVRec_EC,AL,Madison,34.6888243,-86.8862105,Spermosphere,Corn,Soybean,Conventional,,,,,,,,
291,T33,0.1951,0.3792,0.1841,0,,12,5/30/2024,5/24/2024,2/14/2025,3/12/2025,bc56,0.247,11.7,TVRec_EC,AL,Madison,34.6888243,-86.8862105,Spermosphere,Corn,Soybean,Conventional,,,,,,,,
292,T34,0.1573,0.3156,0.1583,0,,12,5/30/2024,5/24/2024,2/14/2025,3/12/2025,bc57,0.25,17.1,TVRec_EC,AL,Madison,34.6888243,-86.8862105,Spermosphere,Corn,Soybean,Conventional,,,,,,,,
293,T35,0.1829,0.3119,0.129,0,,12,5/30/2024,5/24/2024,2/14/2025,3/12/2025,bc58,0.163,16.7,TVRec_EC,AL,Madison,34.6888243,-86.8862105,Spermosphere,Corn,Soybean,Conventional,,,,,,,,
294,T36,0.185,0.3612,0.1762,0,,12,5/30/2024,5/24/2024,2/14/2025,3/12/2025,bc59,0.215,10.6,TVRec_EC,AL,Madison,34.6888243,-86.8862105,Spermosphere,Corn,Soybean,Conventional,,,,,,,,
295,T41,0.1844,0.3079,0.1235,1,,16,5/30/2024,5/24/2024,2/19/2025,3/12/2025,bc60,0.171,7.32,TVRec_EC,AL,Madison,34.6888243,-86.8862105,Spermosphere,Corn,Soybean,Conventional,,,,,,,,
296,T42,0.1809,0.3285,0.1476,0,,16,5/30/2024,5/24/2024,2/19/2025,3/11/2025,bc689,0.209,11.4,TVRec_EC,AL,Madison,34.6888243,-86.8862105,Spermosphere,Corn,Soybean,Conventional,,,,,,,,
297,T43,0.1487,0.3053,0.1566,0,,16,5/30/2024,5/24/2024,2/19/2025,3/11/2025,bc690,0.187,9.86,TVRec_EC,AL,Madison,34.6888243,-86.8862105,Spermosphere,Corn,Soybean,Conventional,,,,,,,,
298,T44,0.1858,0.3456,0.1598,1,,16,5/30/2024,5/24/2024,2/19/2025,3/11/2025,bc691,0.153,11.9,TVRec_EC,AL,Madison,34.6888243,-86.8862105,Spermosphere,Corn,Soybean,Conventional,,,,,,,,
299,T45,0.1961,0.3655,0.1694,1,,16,5/30/2024,5/24/2024,2/19/2025,3/11/2025,bc692,0.136,17.2,TVRec_EC,AL,Madison,34.6888243,-86.8862105,Spermosphere,Corn,Soybean,Conventional,,,,,,,,
300,T46,0.2012,0.377,0.1758,1,,16,5/30/2024,5/24/2024,2/19/2025,3/11/2025,bc693,0.197,10.2,TVRec_EC,AL,Madison,34.6888243,-86.8862105,Spermosphere,Corn,Soybean,Conventional,,,,,,,,
301,N11,0.1751,0.1751,0,0,,0,5/30/2024,5/19/2024,2/19/2025,3/11/2025,bc694,0.257,13.1,N_Dakota,ND,Richland,46.47197,-96.9872,Spermosphere,Corn,Soybean,Conventional,,,,,,,,
302,N12,0.1901,0.1901,0,0,,0,5/30/2024,5/19/2024,2/19/2025,3/11/2025,bc695,0.241,22.4,N_Dakota,ND,Richland,46.47197,-96.9872,Spermosphere,Corn,Soybean,Conventional,,,,,,,,
303,N13,0.1673,0.1673,0,0,,0,5/30/2024,5/19/2024,2/19/2025,3/11/2025,bc696,0.252,13,N_Dakota,ND,Richland,46.47197,-96.9872,Spermosphere,Corn,Soybean,Conventional,,,,,,,,
304,N14,0.1491,0.1491,0,0,,0,5/30/2024,5/19/2024,2/19/2025,3/11/2025,bc697,0.276,14.1,N_Dakota,ND,Richland,46.47197,-96.9872,Spermosphere,Corn,Soybean,Conventional,,,,,,,,
305,N15,0.1304,0.1304,0,0,,0,5/30/2024,5/19/2024,2/19/2025,3/11/2025,bc698,0.295,17.3,N_Dakota,ND,Richland,46.47197,-96.9872,Spermosphere,Corn,Soybean,Conventional,,,,,,,,
306,N16,0.1364,0.1364,0,0,,0,5/30/2024,5/19/2024,2/19/2025,3/11/2025,bc699,0.239,10.6,N_Dakota,ND,Richland,46.47197,-96.9872,Spermosphere,Corn,Soybean,Conventional,,,,,,,,
307,N21,0.1543,0.2781,0.1238,0,,8,5/30/2024,5/19/2024,2/19/2025,3/11/2025,bc700,0.278,12.1,N_Dakota,ND,Richland,46.47197,-96.9872,Spermosphere,Corn,Soybean,Conventional,,,,,,,,
308,N22,0.1784,0.2998,0.1214,0,,8,5/30/2024,5/19/2024,2/19/2025,3/11/2025,bc701,0.268,15.3,N_Dakota,ND,Richland,46.47197,-96.9872,Spermosphere,Corn,Soybean,Conventional,,,,,,,,
309,N23,0.1902,0.3138,0.1236,0,,8,5/30/2024,5/19/2024,2/19/2025,3/11/2025,bc702,0.211,14.5,N_Dakota,ND,Richland,46.47197,-96.9872,Spermosphere,Corn,Soybean,Conventional,,,,,,,,
310,N24,0.1981,0.3243,0.1262,0,,8,5/30/2024,5/19/2024,2/19/2025,3/11/2025,bc703,0.274,7.88,N_Dakota,ND,Richland,46.47197,-96.9872,Spermosphere,Corn,Soybean,Conventional,,,,,,,,
311,N25,0.1787,0.299,0.1203,0,,8,5/30/2024,5/19/2024,2/19/2025,3/11/2025,bc704,0.195,6.88,N_Dakota,ND,Richland,46.47197,-96.9872,Spermosphere,Corn,Soybean,Conventional,,,,,,,,
312,NC13,NA,NA,NA,NA,NA,NA,8/5/2024,NA,2/19/2025,3/11/2025,bc705,NA,too low,NA,NA,NA,NA,NA,Extraction_Control,NA,NA,NA,,,,,,,,
313,N26,0.1846,0.2876,0.103,0,,8,5/30/2024,5/19/2024,2/19/2025,3/11/2025,bc706,0.245,8.4,N_Dakota,ND,Richland,46.47197,-96.9872,Spermosphere,Corn,Soybean,Conventional,,,,,,,,
314,N31,0.1958,0.3218,0.126,0,,12,5/30/2024,5/19/2024,2/19/2025,3/11/2025,bc707,0.32,12.4,N_Dakota,ND,Richland,46.47197,-96.9872,Spermosphere,Corn,Soybean,Conventional,,,,,,,,
315,N32,0.209,0.3482,0.1392,0,,12,5/30/2024,5/19/2024,2/19/2025,3/11/2025,bc708,0.293,14.8,N_Dakota,ND,Richland,46.47197,-96.9872,Spermosphere,Corn,Soybean,Conventional,,,,,,,,
316,N33,0.1981,0.3396,0.1415,0,,12,5/30/2024,5/19/2024,2/19/2025,3/11/2025,bc709,0.206,14.7,N_Dakota,ND,Richland,46.47197,-96.9872,Spermosphere,Corn,Soybean,Conventional,,,,,,,,
317,N34,0.2507,0.3589,0.1082,0,,12,5/30/2024,5/19/2024,2/19/2025,3/11/2025,bc710,0.194,9.22,N_Dakota,ND,Richland,46.47197,-96.9872,Spermosphere,Corn,Soybean,Conventional,,,,,,,,
318,N35,0.1829,0.2868,0.1039,0,,12,5/30/2024,5/19/2024,2/19/2025,3/11/2025,bc711,0.211,10.9,N_Dakota,ND,Richland,46.47197,-96.9872,Spermosphere,Corn,Soybean,Conventional,,,,,,,,
319,N36,0.2208,0.3286,0.1078,0,,12,5/30/2024,5/19/2024,2/19/2025,3/11/2025,bc712,0.238,13.1,N_Dakota,ND,Richland,46.47197,-96.9872,Spermosphere,Corn,Soybean,Conventional,,,,,,,,
320,N41,0.2783,0.399,0.1207,0,,16,5/30/2024,5/19/2024,2/19/2025,3/11/2025,bc713,0.229,13,N_Dakota,ND,Richland,46.47197,-96.9872,Spermosphere,Corn,Soybean,Conventional,,,,,,,,
321,N42,0.2224,0.3012,0.0788,0,,16,5/30/2024,5/19/2024,2/19/2025,3/11/2025,bc714,0.24,12.3,N_Dakota,ND,Richland,46.47197,-96.9872,Spermosphere,Corn,Soybean,Conventional,,,,,,,,
322,N43,0.2623,0.3946,0.1323,0,,16,5/30/2024,5/19/2024,2/19/2025,3/11/2025,bc715,0.3,16.5,N_Dakota,ND,Richland,46.47197,-96.9872,Spermosphere,Corn,Soybean,Conventional,,,,,,,,
323,N44,0.2852,0.3825,0.0973,0,,16,5/30/2024,5/19/2024,2/19/2025,3/11/2025,bc716,0.26,9.72,N_Dakota,ND,Richland,46.47197,-96.9872,Spermosphere,Corn,Soybean,Conventional,,,,,,,,
324,N45,0.2208,0.3616,0.1408,0,,16,5/30/2024,5/19/2024,2/19/2025,3/11/2025,bc717,0.285,16.7,N_Dakota,ND,Richland,46.47197,-96.9872,Spermosphere,Corn,Soybean,Conventional,,,,,,,,
325,N46,0.2066,0.3501,0.1435,0,,16,5/30/2024,5/19/2024,2/20/2025,3/11/2025,bc718,0.236,9.04,N_Dakota,ND,Richland,46.47197,-96.9872,Spermosphere,Corn,Soybean,Conventional,,,,,,,,
326,M11,0.2137,0.2137,0,0,,0,5/24/2024,5/17/2024,2/20/2025,3/11/2025,bc719,0.227,28,Michigan,MI,Ingham,42.693741,-84.486578,Spermosphere,Wheat,Soybean,Conventional,,,,,,,,
327,M12,0.1747,0.1747,0,0,,0,5/24/2024,5/17/2024,2/20/2025,3/11/2025,bc720,0.293,16.9,Michigan,MI,Ingham,42.693741,-84.486578,Spermosphere,Wheat,Soybean,Conventional,,,,,,,,
328,M13,0.2196,0.2196,0,0,,0,5/24/2024,5/17/2024,2/20/2025,3/11/2025,bc721,0.323,11.3,Michigan,MI,Ingham,42.693741,-84.486578,Spermosphere,Wheat,Soybean,Conventional,,,,,,,,
329,M14,0.1931,0.1931,0,0,,0,5/24/2024,5/17/2024,2/20/2025,3/11/2025,bc722,0.215,14.1,Michigan,MI,Ingham,42.693741,-84.486578,Spermosphere,Wheat,Soybean,Conventional,,,,,,,,
330,M15,0.1746,0.1746,0,0,,0,5/24/2024,5/17/2024,2/20/2025,3/11/2025,bc723,0.286,14.6,Michigan,MI,Ingham,42.693741,-84.486578,Spermosphere,Wheat,Soybean,Conventional,,,,,,,,
331,M16,0.1996,0.1996,0,0,,0,5/24/2024,5/17/2024,2/20/2025,3/11/2025,bc724,0.263,26,Michigan,MI,Ingham,42.693741,-84.486578,Spermosphere,Wheat,Soybean,Conventional,,,,,,,,
332,M21,0.1765,0.3364,0.1599,0,,8,5/24/2024,5/17/2024,2/20/2025,3/11/2025,bc725,0.275,22.8,Michigan,MI,Ingham,42.693741,-84.486578,Spermosphere,Wheat,Soybean,Conventional,,,,,,,,
333,M22,0.1844,0.3722,0.1878,0,,8,5/24/2024,5/17/2024,2/20/2025,3/11/2025,bc726,0.281,23.2,Michigan,MI,Ingham,42.693741,-84.486578,Spermosphere,Wheat,Soybean,Conventional,,,,,,,,
334,M23,0.1971,0.3709,0.1738,0,,8,5/24/2024,5/17/2024,2/20/2025,3/11/2025,bc727,0.196,17.3,Michigan,MI,Ingham,42.693741,-84.486578,Spermosphere,Wheat,Soybean,Conventional,,,,,,,,
335,M24,0.2142,0.1858,-0.0284,0,,8,5/24/2024,5/17/2024,2/20/2025,3/11/2025,bc728,0.251,17.5,Michigan,MI,Ingham,42.693741,-84.486578,Spermosphere,Wheat,Soybean,Conventional,,,,,,,,
336,NC14,NA,NA,NA,NA,NA,NA,8/5/2024,NA,2/20/2025,3/11/2025,bc729,NA,too low,NA,NA,NA,NA,NA,Extraction_Control,NA,NA,NA,,,,,,,,
337,M25,0.2222,0.285,0.0628,0,,8,5/24/2024,5/17/2024,2/20/2025,3/11/2025,bc730,0.25,25.2,Michigan,MI,Ingham,42.693741,-84.486578,Spermosphere,Wheat,Soybean,Conventional,,,,,,,,
338,M26,0.1941,0.2424,0.0483,0,,8,5/24/2024,5/17/2024,2/20/2025,3/11/2025,bc731,0.263,23.2,Michigan,MI,Ingham,42.693741,-84.486578,Spermosphere,Wheat,Soybean,Conventional,,,,,,,,
339,M31,0.1771,0.3594,0.1823,0,,12,5/24/2024,5/17/2024,2/20/2025,3/11/2025,bc733,0.265,17.5,Michigan,MI,Ingham,42.693741,-84.486578,Spermosphere,Wheat,Soybean,Conventional,,,,,,,,
340,M32,0.1755,0.2967,0.1212,0,,12,5/24/2024,5/17/2024,2/20/2025,3/11/2025,bc732,0.238,16.8,Michigan,MI,Ingham,42.693741,-84.486578,Spermosphere,Wheat,Soybean,Conventional,,,,,,,,
341,M33,0.2153,0.404,0.1887,0,,12,5/24/2024,5/17/2024,2/20/2025,3/11/2025,bc734,0.201,20.4,Michigan,MI,Ingham,42.693741,-84.486578,Spermosphere,Wheat,Soybean,Conventional,,,,,,,,
342,M34,0.1696,0.4126,0.243,0,,12,5/24/2024,5/17/2024,2/20/2025,3/11/2025,bc735,0.2,17.9,Michigan,MI,Ingham,42.693741,-84.486578,Spermosphere,Wheat,Soybean,Conventional,,,,,,,,
343,M35,0.145,0.2943,0.1493,0,,12,5/24/2024,5/17/2024,2/20/2025,3/11/2025,bc736,0.314,33.4,Michigan,MI,Ingham,42.693741,-84.486578,Spermosphere,Wheat,Soybean,Conventional,,,,,,,,
344,M36,0.138,0.3331,0.1951,0,,12,5/24/2024,5/17/2024,2/20/2025,3/11/2025,bc737,0.26,19.1,Michigan,MI,Ingham,42.693741,-84.486578,Spermosphere,Wheat,Soybean,Conventional,,,,,,,,
345,M41,0.1855,0.4736,0.2881,0,,16,5/24/2024,5/17/2024,2/20/2025,3/11/2025,bc738,0.246,15.8,Michigan,MI,Ingham,42.693741,-84.486578,Spermosphere,Wheat,Soybean,Conventional,,,,,,,,
346,M42,0.1744,0.4579,0.2835,0,,16,5/24/2024,5/17/2024,2/20/2025,3/11/2025,bc739,0.178,20,Michigan,MI,Ingham,42.693741,-84.486578,Spermosphere,Wheat,Soybean,Conventional,,,,,,,,
347,M43,0.2054,0.3836,0.1782,0,,16,5/24/2024,5/17/2024,2/20/2025,3/11/2025,bc740,0.292,24,Michigan,MI,Ingham,42.693741,-84.486578,Spermosphere,Wheat,Soybean,Conventional,,,,,,,,
348,M44,0.1754,0.3494,0.174,0,,16,5/24/2024,5/17/2024,2/20/2025,3/11/2025,bc741,0.285,27.6,Michigan,MI,Ingham,42.693741,-84.486578,Spermosphere,Wheat,Soybean,Conventional,,,,,,,,
349,M45,0.2066,0.4138,0.2072,0,,16,5/24/2024,5/17/2024,2/21/2025,3/11/2025,bc742,0.134,17.6,Michigan,MI,Ingham,42.693741,-84.486578,Spermosphere,Wheat,Soybean,Conventional,,,,,,,,
350,M46,0.1946,0.3206,0.126,0,,16,5/24/2024,5/17/2024,2/21/2025,3/11/2025,bc743,0.202,24,Michigan,MI,Ingham,42.693741,-84.486578,Spermosphere,Wheat,Soybean,Conventional,,,,,,,,
351,P11,0.1655,0.1655,0,0,,0,5/30/2024,5/23/2024,2/21/2025,3/11/2025,bc744,0.171,23,Pennsylvania,PA,Centre,40.716083,-77.939139,Spermosphere,,,,,,,,,,,
352,P12,0.1463,0.1463,0,0,,0,5/30/2024,5/23/2024,2/21/2025,3/11/2025,bc745,0.219,20.8,Pennsylvania,PA,Centre,40.716083,-77.939139,Spermosphere,,,,,,,,,,,
353,P13,0.1532,0.1532,0,0,,0,5/30/2024,5/23/2024,2/21/2025,3/11/2025,bc746,0.146,14.6,Pennsylvania,PA,Centre,40.716083,-77.939139,Spermosphere,,,,,,,,,,,
354,P14,0.1678,0.1678,0,0,,0,5/30/2024,5/23/2024,2/21/2025,3/11/2025,bc747,0.269,24.2,Pennsylvania,PA,Centre,40.716083,-77.939139,Spermosphere,,,,,,,,,,,
355,P15,0.2004,0.2004,0,0,,0,5/30/2024,5/23/2024,2/21/2025,3/11/2025,bc748,0.216,21.2,Pennsylvania,PA,Centre,40.716083,-77.939139,Spermosphere,,,,,,,,,,,
356,P16,0.1532,0.1532,0,0,,0,5/30/2024,5/23/2024,2/21/2025,3/11/2025,bc749,0.162,14.1,Pennsylvania,PA,Centre,40.716083,-77.939139,Spermosphere,,,,,,,,,,,
357,P21,0.1774,0.3775,0.2001,0,,8,5/30/2024,5/23/2024,2/21/2025,3/11/2025,bc750,0.219,16.2,Pennsylvania,PA,Centre,40.716083,-77.939139,Spermosphere,,,,,,,,,,,
358,P22,0.1753,0.3622,0.1869,0,,8,5/30/2024,5/23/2024,2/21/2025,3/11/2025,bc751,0.169,18.5,Pennsylvania,PA,Centre,40.716083,-77.939139,Spermosphere,,,,,,,,,,,
359,P23,0.1728,0.3481,0.1753,0,,8,5/30/2024,5/23/2024,2/21/2025,3/11/2025,bc752,0.249,18.2,Pennsylvania,PA,Centre,40.716083,-77.939139,Spermosphere,,,,,,,,,,,
360,NC15,NA,NA,NA,NA,NA,NA,8/5/2024,NA,2/21/2025,3/11/2025,bc753,NA,too low,NA,NA,NA,NA,NA,Extraction_Control,NA,NA,NA,,,,,,,,
361,P24,0.1866,0.3808,0.1942,0,,8,5/30/2024,5/23/2024,2/21/2025,3/11/2025,bc754,0.235,20.4,Pennsylvania,PA,Centre,40.716083,-77.939139,Spermosphere,,,,,,,,,,,
362,P25,0.1569,0.2809,0.124,0,,8,5/30/2024,5/23/2024,2/21/2025,3/11/2025,bc755,0.139,16,Pennsylvania,PA,Centre,40.716083,-77.939139,Spermosphere,,,,,,,,,,,
363,P26,0.1691,0.3013,0.1322,0,,8,5/30/2024,5/23/2024,2/21/2025,3/11/2025,bc756,0.247,16.9,Pennsylvania,PA,Centre,40.716083,-77.939139,Spermosphere,,,,,,,,,,,
364,P31,0.1824,0.3752,0.1928,0,,12,5/30/2024,5/23/2024,2/21/2025,3/11/2025,bc757,0.142,24.4,Pennsylvania,PA,Centre,40.716083,-77.939139,Spermosphere,,,,,,,,,,,
365,P32,0.1755,0.3774,0.2019,0,,12,5/30/2024,5/23/2024,2/21/2025,3/11/2025,bc758,0.176,10.6,Pennsylvania,PA,Centre,40.716083,-77.939139,Spermosphere,,,,,,,,,,,
366,P33,0.1783,0.3503,0.172,0,,12,5/30/2024,5/23/2024,2/21/2025,3/11/2025,bc759,0.253,18.2,Pennsylvania,PA,Centre,40.716083,-77.939139,Spermosphere,,,,,,,,,,,
367,P34,0.1986,0.36,0.1614,0,,12,5/30/2024,5/23/2024,2/21/2025,3/11/2025,bc760,0.316,19.6,Pennsylvania,PA,Centre,40.716083,-77.939139,Spermosphere,,,,,,,,,,,
368,P35,0.171,0.3453,0.1743,0,,12,5/30/2024,5/23/2024,2/21/2025,3/11/2025,bc761,0.268,12.3,Pennsylvania,PA,Centre,40.716083,-77.939139,Spermosphere,,,,,,,,,,,
369,P36,0.1503,0.2954,0.1451,0,,12,5/30/2024,5/23/2024,2/21/2025,3/11/2025,bc762,0.209,14.2,Pennsylvania,PA,Centre,40.716083,-77.939139,Spermosphere,,,,,,,,,,,
370,P41,0.1604,0.3903,0.2299,1,,16,5/30/2024,5/23/2024,2/21/2025,3/11/2025,bc763,0.17,22.6,Pennsylvania,PA,Centre,40.716083,-77.939139,Spermosphere,,,,,,,,,,,
371,P42,0.1567,0.3135,0.1568,0,,16,5/30/2024,5/23/2024,2/21/2025,3/11/2025,bc764,0.305,17.5,Pennsylvania,PA,Centre,40.716083,-77.939139,Spermosphere,,,,,,,,,,,
372,P43,0.1813,0.4311,0.2498,1,,16,5/30/2024,5/23/2024,2/21/2025,3/11/2025,bc765,0.139,12.5,Pennsylvania,PA,Centre,40.716083,-77.939139,Spermosphere,,,,,,,,,,,
373,P44,0.173,0.361,0.188,1,,16,5/30/2024,5/23/2024,2/21/2025,3/10/2025,bc001,0.228,16.9,Pennsylvania,PA,Centre,40.716083,-77.939139,Spermosphere,,,,,,,,,,,
374,P45,0.176,0.4123,0.2363,1,,16,5/30/2024,5/23/2024,2/21/2025,3/10/2025,bc002,0.179,13.8,Pennsylvania,PA,Centre,40.716083,-77.939139,Spermosphere,,,,,,,,,,,
375,P46,0.1809,0.3683,0.1874,1,,16,5/30/2024,5/23/2024,2/21/2025,3/10/2025,bc003,0.208,17.5,Pennsylvania,PA,Centre,40.716083,-77.939139,Spermosphere,,,,,,,,,,,
376,R11,0.17384,0.17384,0,0,,0,7/19/2024,7/17/2024,2/21/2025,3/10/2025,bc004,0.226,12.1,Arkansas,AR,Madison,33.804222,-91.271333,Spermosphere,,,,,,,,,,,
377,R12,0.16192,0.16192,0,0,,0,7/19/2024,7/17/2024,2/21/2025,3/10/2025,bc005,0.25,14.8,Arkansas,AR,Madison,33.804222,-91.271333,Spermosphere,,,,,,,,,,,
378,R13,0.19226,0.19226,0,0,,0,7/19/2024,7/17/2024,2/21/2025,3/10/2025,bc006,0.288,17.3,Arkansas,AR,Madison,33.804222,-91.271333,Spermosphere,,,,,,,,,,,
379,R14,0.14956,0.14956,0,0,,0,7/19/2024,7/17/2024,2/21/2025,3/10/2025,bc007,0.197,8.6,Arkansas,AR,Madison,33.804222,-91.271333,Spermosphere,,,,,,,,,,,
380,R15,0.1798,0.1798,0,0,,0,7/19/2024,7/17/2024,2/21/2025,3/10/2025,bc008,0.178,5.46,Arkansas,AR,Madison,33.804222,-91.271333,Spermosphere,,,,,,,,,,,
381,R16,0.1576,0.1576,0,0,,0,7/19/2024,7/17/2024,2/21/2025,3/10/2025,bc009,0.301,13.8,Arkansas,AR,Madison,33.804222,-91.271333,Spermosphere,,,,,,,,,,,
382,R21,0.18693,0.3736,0.18667,0,,8,7/19/2024,7/17/2024,2/21/2025,3/10/2025,bc010,0.215,10.8,Arkansas,AR,Madison,33.804222,-91.271333,Spermosphere,,,,,,,,,,,
383,R22,0.20196,0.364,0.16204,0,,8,7/19/2024,7/17/2024,2/21/2025,3/12/2025,bc61,0.249,7.32,Arkansas,AR,Madison,33.804222,-91.271333,Spermosphere,,,,,,,,,,,
384,NC16,NA,NA,NA,NA,NA,NA,8/5/2024,NA,2/21/2025,3/12/2025,bc62,NA,too low,NA,NA,NA,NA,NA,Extraction_Control,NA,NA,NA,,,,,,,,
385,R23,0.16233,0.3735,0.21117,0,,8,7/19/2024,7/17/2024,2/21/2025,3/10/2025,bc013,0.167,14.3,Arkansas,AR,Madison,33.804222,-91.271333,Spermosphere,,,,,,,,,,,
386,R24,0.14332,0.3844,0.24108,0,,8,7/19/2024,7/17/2024,2/21/2025,3/10/2025,bc014,0.211,17.1,Arkansas,AR,Madison,33.804222,-91.271333,Spermosphere,,,,,,,,,,,
387,R25,0.17025,0.4233,0.25305,0,,8,7/19/2024,7/17/2024,2/21/2025,3/10/2025,bc015,0.208,10.5,Arkansas,AR,Madison,33.804222,-91.271333,Spermosphere,,,,,,,,,,,
388,R26,0.1908,0.3551,0.1643,0,,8,7/19/2024,7/17/2024,2/21/2025,3/10/2025,bc016,0.233,15.2,Arkansas,AR,Madison,33.804222,-91.271333,Spermosphere,,,,,,,,,,,
389,R31,0.17242,0.4652,0.29278,0,,12,7/19/2024,7/17/2024,2/21/2025,3/10/2025,bc017,0.23,21.4,Arkansas,AR,Madison,33.804222,-91.271333,Spermosphere,,,,,,,,,,,
390,R32,0.15517,0.2788,0.12363,0,,12,7/19/2024,7/17/2024,2/21/2025,3/10/2025,bc018,0.252,16.7,Arkansas,AR,Madison,33.804222,-91.271333,Spermosphere,,,,,,,,,,,
391,R33,0.14671,0.3084,0.16169,0,,12,7/19/2024,7/17/2024,2/21/2025,3/10/2025,bc019,0.3,13.9,Arkansas,AR,Madison,33.804222,-91.271333,Spermosphere,,,,,,,,,,,
392,R34,0.16562,0.3785,0.21288,0,,12,7/19/2024,7/17/2024,2/21/2025,3/10/2025,bc020,0.282,12.4,Arkansas,AR,Madison,33.804222,-91.271333,Spermosphere,,,,,,,,,,,
393,R35,0.18995,0.3785,0.18855,0,,12,7/19/2024,7/17/2024,2/21/2025,3/10/2025,bc021,0.265,13.3,Arkansas,AR,Madison,33.804222,-91.271333,Spermosphere,,,,,,,,,,,
394,R36,0.19889,0.399,0.20011,0,,12,7/19/2024,7/17/2024,2/21/2025,3/10/2025,bc022,0.257,13.3,Arkansas,AR,Madison,33.804222,-91.271333,Spermosphere,,,,,,,,,,,
395,R41,0.18125,0.3841,0.20285,0,,16,7/19/2024,7/17/2024,2/21/2025,3/10/2025,bc023,0.226,11.9,Arkansas,AR,Madison,33.804222,-91.271333,Spermosphere,,,,,,,,,,,
396,R42,0.18523,0.371,0.18577,0,,16,7/19/2024,7/17/2024,2/21/2025,3/10/2025,bc024,0.293,18.7,Arkansas,AR,Madison,33.804222,-91.271333,Spermosphere,,,,,,,,,,,
397,R43,0.20178,0.409,0.20722,0,,16,7/19/2024,7/17/2024,2/21/2025,3/10/2025,bc025,0.225,9.34,Arkansas,AR,Madison,33.804222,-91.271333,Spermosphere,,,,,,,,,,,
398,R44,0.1327,0.335,0.2023,0,,16,7/19/2024,7/17/2024,2/21/2025,3/10/2025,bc026,0.241,10.2,Arkansas,AR,Madison,33.804222,-91.271333,Spermosphere,,,,,,,,,,,
399,R45,0.16799,0.415,0.24701,0,,16,7/19/2024,7/17/2024,2/21/2025,3/10/2025,bc027,0.214,9.74,Arkansas,AR,Madison,33.804222,-91.271333,Spermosphere,,,,,,,,,,,
400,R46,0.1438,0.344,0.2002,0,,16,7/19/2024,7/17/2024,2/21/2025,3/10/2025,bc028,0.234,10.5,Arkansas,AR,Madison,33.804222,-91.271333,Spermosphere,,,,,,,,,,,
401,PCRNC01,NA,NA,NA,NA,NA,NA,NA,NA,NA,3/10/2025,bc478,NA,NA,NA,NA,NA,NA,NA,PCR_Control,NA,NA,NA,,,,,,,,
402,PCRNC02,NA,NA,NA,NA,NA,NA,NA,NA,NA,3/10/2025,bc479,NA,NA,NA,NA,NA,NA,NA,PCR_Control,NA,NA,NA,,,,,,,,
403,PCRNC03,NA,NA,NA,NA,NA,NA,NA,NA,NA,3/10/2025,bc480,NA,NA,NA,NA,NA,NA,NA,PCR_Control,NA,NA,NA,,,,,,,,
404,PCRNC04,NA,NA,NA,NA,NA,NA,NA,NA,NA,3/11/2025,bc574,NA,NA,NA,NA,NA,NA,NA,PCR_Control,NA,NA,NA,,,,,,,,
405,PCRNC05,NA,NA,NA,NA,NA,NA,NA,NA,NA,3/11/2025,bc575,NA,NA,NA,NA,NA,NA,NA,PCR_Control,NA,NA,NA,,,,,,,,
406,PCRNC06,NA,NA,NA,NA,NA,NA,NA,NA,NA,3/11/2025,bc576,NA,NA,NA,NA,NA,NA,NA,PCR_Control,NA,NA,NA,,,,,,,,
407,PCRNC07,NA,NA,NA,NA,NA,NA,NA,NA,NA,3/11/2025,bc670,NA,NA,NA,NA,NA,NA,NA,PCR_Control,NA,NA,NA,,,,,,,,
408,PCRNC08,NA,NA,NA,NA,NA,NA,NA,NA,NA,3/11/2025,bc671,NA,NA,NA,NA,NA,NA,NA,PCR_Control,NA,NA,NA,,,,,,,,
409,PCRNC09,NA,NA,NA,NA,NA,NA,NA,NA,NA,3/11/2025,bc672,NA,NA,NA,NA,NA,NA,NA,PCR_Control,NA,NA,NA,,,,,,,,
410,PCRNC10,NA,NA,NA,NA,NA,NA,NA,NA,NA,3/11/2025,bc766,NA,NA,NA,NA,NA,NA,NA,PCR_Control,NA,NA,NA,,,,,,,,
411,PCRNC11,NA,NA,NA,NA,NA,NA,NA,NA,NA,3/11/2025,bc767,NA,NA,NA,NA,NA,NA,NA,PCR_Control,NA,NA,NA,,,,,,,,
412,PCRNC12,NA,NA,NA,NA,NA,NA,NA,NA,NA,3/11/2025,bc768,NA,NA,NA,NA,NA,NA,NA,PCR_Control,NA,NA,NA,,,,,,,,
413,PCRNC13,NA,NA,NA,NA,NA,NA,NA,NA,NA,3/10/2025,bc032,NA,NA,NA,NA,NA,NA,NA,PCR_Control,NA,NA,NA,,,,,,,,
414,PCRNC14,NA,NA,NA,NA,NA,NA,NA,NA,NA,3/10/2025,bc033,NA,NA,NA,NA,NA,NA,NA,PCR_Control,NA,NA,NA,,,,,,,,
415,PCRNC15,NA,NA,NA,NA,NA,NA,NA,NA,NA,3/10/2025,bc034,NA,NA,NA,NA,NA,NA,NA,PCR_Control,NA,NA,NA,,,,,,,,
416,Mock1,NA,NA,NA,NA,NA,NA,NA,NA,NA,3/10/2025,bc029,NA,NA,NA,NA,NA,NA,NA,Positive_Control,NA,NA,NA,,,,,,,,
417,Mock2,NA,NA,NA,NA,NA,NA,NA,NA,NA,3/10/2025,bc030,NA,NA,NA,NA,NA,NA,NA,Positive_Control,NA,NA,NA,,,,,,,,
418,Mock3,NA,NA,NA,NA,NA,NA,NA,NA,NA,3/10/2025,bc031,NA,NA,NA,NA,NA,NA,NA,Positive_Control,NA,NA,NA,,,,,,,,
